teff,logg,mh,alpha,node
3500,0,-2.5,0,9711
3500,0,-2,0,9235
3500,0,-1.5,0,8759
3500,0,-1,0,8283
3500,0,-0.5,0,7807
3500,0,0,0,10187
3500,0,0.2,0,10663
3500,0,0.5,0,11139
3500,0.5,-2.5,0,9712
3500,0.5,-2,0,9236
3500,0.5,-1.5,0,8760
3500,0.5,-1,0,8284
3500,0.5,-0.5,0,7808
3500,0.5,0,0,10188
3500,0.5,0.2,0,10664
3500,0.5,0.5,0,11140
3500,1,-2.5,0,9713
3500,1,-2,0,9237
3500,1,-1.5,0,8761
3500,1,-1,0,8285
3500,1,-0.5,0,7809
3500,1,0,0,10189
3500,1,0.2,0,10665
3500,1,0.5,0,11141
3500,1.5,-2.5,0,9714
3500,1.5,-2,0,9238
3500,1.5,-1.5,0,8762
3500,1.5,-1,0,8286
3500,1.5,-0.5,0,7810
3500,1.5,0,0,10190
3500,1.5,0.2,0,10666
3500,1.5,0.5,0,11142
3500,2,-2.5,0,9715
3500,2,-2,0,9239
3500,2,-1.5,0,8763
3500,2,-1,0,8287
3500,2,-0.5,0,7811
3500,2,0,0,10191
3500,2,0.2,0,10667
3500,2,0.5,0,11143
3500,2.5,-2.5,0,9716
3500,2.5,-2,0,9240
3500,2.5,-1.5,0,8764
3500,2.5,-1,0,8288
3500,2.5,-0.5,0,7812
3500,2.5,0,0,10192
3500,2.5,0.2,0,10668
3500,2.5,0.5,0,11144
3500,3,-2.5,0,9717
3500,3,-2,0,9241
3500,3,-1.5,0,8765
3500,3,-1,0,8289
3500,3,-0.5,0,7813
3500,3,0,0,10193
3500,3,0.2,0,10669
3500,3,0.5,0,11145
3500,3.5,-2.5,0,9718
3500,3.5,-2,0,9242
3500,3.5,-1.5,0,8766
3500,3.5,-1,0,8290
3500,3.5,-0.5,0,7814
3500,3.5,0,0,10194
3500,3.5,0.2,0,10670
3500,3.5,0.5,0,11146
3500,4,-2.5,0,9719
3500,4,-2,0,9243
3500,4,-1.5,0,8767
3500,4,-1,0,8291
3500,4,-0.5,0,7815
3500,4,0,0,10195
3500,4,0.2,0,10671
3500,4,0.5,0,11147
3500,4.5,-2.5,0,9720
3500,4.5,-2,0,9244
3500,4.5,-1.5,0,8768
3500,4.5,-1,0,8292
3500,4.5,-0.5,0,7816
3500,4.5,0,0,10196
3500,4.5,0.2,0,10672
3500,4.5,0.5,0,11148
3500,5,-2.5,0,9721
3500,5,-2,0,9245
3500,5,-1.5,0,8769
3500,5,-1,0,8293
3500,5,-0.5,0,7817
3500,5,0,0,10197
3500,5,0.2,0,10673
3500,5,0.5,0,11149
3750,0,-2.5,0,9728
3750,0,-2,0,9252
3750,0,-1.5,0,8776
3750,0,-1,0,8300
3750,0,-0.5,0,7824
3750,0,0,0,10204
3750,0,0.2,0,10680
3750,0,0.5,0,11156
3750,0.5,-2.5,0,9729
3750,0.5,-2,0,9253
3750,0.5,-1.5,0,8777
3750,0.5,-1,0,8301
3750,0.5,-0.5,0,7825
3750,0.5,0,0,10205
3750,0.5,0.2,0,10681
3750,0.5,0.5,0,11157
3750,1,-2.5,0,9730
3750,1,-2,0,9254
3750,1,-1.5,0,8778
3750,1,-1,0,8302
3750,1,-0.5,0,7826
3750,1,0,0,10206
3750,1,0.2,0,10682
3750,1,0.5,0,11158
3750,1.5,-2.5,0,9731
3750,1.5,-2,0,9255
3750,1.5,-1.5,0,8779
3750,1.5,-1,0,8303
3750,1.5,-0.5,0,7827
3750,1.5,0,0,10207
3750,1.5,0.2,0,10683
3750,1.5,0.5,0,11159
3750,2,-2.5,0,9732
3750,2,-2,0,9256
3750,2,-1.5,0,8780
3750,2,-1,0,8304
3750,2,-0.5,0,7828
3750,2,0,0,10208
3750,2,0.2,0,10684
3750,2,0.5,0,11160
3750,2.5,-2.5,0,9733
3750,2.5,-2,0,9257
3750,2.5,-1.5,0,8781
3750,2.5,-1,0,8305
3750,2.5,-0.5,0,7829
3750,2.5,0,0,10209
3750,2.5,0.2,0,10685
3750,2.5,0.5,0,11161
3750,3,-2.5,0,9734
3750,3,-2,0,9258
3750,3,-1.5,0,8782
3750,3,-1,0,8306
3750,3,-0.5,0,7830
3750,3,0,0,10210
3750,3,0.2,0,10686
3750,3,0.5,0,11162
3750,3.5,-2.5,0,9735
3750,3.5,-2,0,9259
3750,3.5,-1.5,0,8783
3750,3.5,-1,0,8307
3750,3.5,-0.5,0,7831
3750,3.5,0,0,10211
3750,3.5,0.2,0,10687
3750,3.5,0.5,0,11163
3750,4,-2.5,0,9736
3750,4,-2,0,9260
3750,4,-1.5,0,8784
3750,4,-1,0,8308
3750,4,-0.5,0,7832
3750,4,0,0,10212
3750,4,0.2,0,10688
3750,4,0.5,0,11164
3750,4.5,-2.5,0,9737
3750,4.5,-2,0,9261
3750,4.5,-1.5,0,8785
3750,4.5,-1,0,8309
3750,4.5,-0.5,0,7833
3750,4.5,0,0,10213
3750,4.5,0.2,0,10689
3750,4.5,0.5,0,11165
3750,5,-2.5,0,9738
3750,5,-2,0,9262
3750,5,-1.5,0,8786
3750,5,-1,0,8310
3750,5,-0.5,0,7834
3750,5,0,0,10214
3750,5,0.2,0,10690
3750,5,0.5,0,11166
4000,0,-2.5,0,9747
4000,0,-2,0,9271
4000,0,-1.5,0,8795
4000,0,-1,0,8319
4000,0,-0.5,0,7843
4000,0,0,0,10223
4000,0,0.2,0,10699
4000,0,0.5,0,11175
4000,0.5,-2.5,0,9748
4000,0.5,-2,0,9272
4000,0.5,-1.5,0,8796
4000,0.5,-1,0,8320
4000,0.5,-0.5,0,7844
4000,0.5,0,0,10224
4000,0.5,0.2,0,10700
4000,0.5,0.5,0,11176
4000,1,-2.5,0,9749
4000,1,-2,0,9273
4000,1,-1.5,0,8797
4000,1,-1,0,8321
4000,1,-0.5,0,7845
4000,1,0,0,10225
4000,1,0.2,0,10701
4000,1,0.5,0,11177
4000,1.5,-2.5,0,9750
4000,1.5,-2,0,9274
4000,1.5,-1.5,0,8798
4000,1.5,-1,0,8322
4000,1.5,-0.5,0,7846
4000,1.5,0,0,10226
4000,1.5,0.2,0,10702
4000,1.5,0.5,0,11178
4000,2,-2.5,0,9751
4000,2,-2,0,9275
4000,2,-1.5,0,8799
4000,2,-1,0,8323
4000,2,-0.5,0,7847
4000,2,0,0,10227
4000,2,0.2,0,10703
4000,2,0.5,0,11179
4000,2.5,-2.5,0,9752
4000,2.5,-2,0,9276
4000,2.5,-1.5,0,8800
4000,2.5,-1,0,8324
4000,2.5,-0.5,0,7848
4000,2.5,0,0,10228
4000,2.5,0.2,0,10704
4000,2.5,0.5,0,11180
4000,3,-2.5,0,9753
4000,3,-2,0,9277
4000,3,-1.5,0,8801
4000,3,-1,0,8325
4000,3,-0.5,0,7849
4000,3,0,0,10229
4000,3,0.2,0,10705
4000,3,0.5,0,11181
4000,3.5,-2.5,0,9754
4000,3.5,-2,0,9278
4000,3.5,-1.5,0,8802
4000,3.5,-1,0,8326
4000,3.5,-0.5,0,7850
4000,3.5,0,0,10230
4000,3.5,0.2,0,10706
4000,3.5,0.5,0,11182
4000,4,-2.5,0,9755
4000,4,-2,0,9279
4000,4,-1.5,0,8803
4000,4,-1,0,8327
4000,4,-0.5,0,7851
4000,4,0,0,10231
4000,4,0.2,0,10707
4000,4,0.5,0,11183
4000,4.5,-2.5,0,9756
4000,4.5,-2,0,9280
4000,4.5,-1.5,0,8804
4000,4.5,-1,0,8328
4000,4.5,-0.5,0,7852
4000,4.5,0,0,10232
4000,4.5,0.2,0,10708
4000,4.5,0.5,0,11184
4000,5,-2.5,0,9757
4000,5,-2,0,9281
4000,5,-1.5,0,8805
4000,5,-1,0,8329
4000,5,-0.5,0,7853
4000,5,0,0,10233
4000,5,0.2,0,10709
4000,5,0.5,0,11185
4250,0,-2.5,0,9762
4250,0,-2,0,9286
4250,0,-1.5,0,8810
4250,0,-1,0,8334
4250,0,-0.5,0,7858
4250,0,0,0,10238
4250,0,0.2,0,10714
4250,0,0.5,0,11190
4250,0.5,-2.5,0,9763
4250,0.5,-2,0,9287
4250,0.5,-1.5,0,8811
4250,0.5,-1,0,8335
4250,0.5,-0.5,0,7859
4250,0.5,0,0,10239
4250,0.5,0.2,0,10715
4250,0.5,0.5,0,11191
4250,1,-2.5,0,9764
4250,1,-2,0,9288
4250,1,-1.5,0,8812
4250,1,-1,0,8336
4250,1,-0.5,0,7860
4250,1,0,0,10240
4250,1,0.2,0,10716
4250,1,0.5,0,11192
4250,1.5,-2.5,0,9765
4250,1.5,-2,0,9289
4250,1.5,-1.5,0,8813
4250,1.5,-1,0,8337
4250,1.5,-0.5,0,7861
4250,1.5,0,0,10241
4250,1.5,0.2,0,10717
4250,1.5,0.5,0,11193
4250,2,-2.5,0,9766
4250,2,-2,0,9290
4250,2,-1.5,0,8814
4250,2,-1,0,8338
4250,2,-0.5,0,7862
4250,2,0,0,10242
4250,2,0.2,0,10718
4250,2,0.5,0,11194
4250,2.5,-2.5,0,9767
4250,2.5,-2,0,9291
4250,2.5,-1.5,0,8815
4250,2.5,-1,0,8339
4250,2.5,-0.5,0,7863
4250,2.5,0,0,10243
4250,2.5,0.2,0,10719
4250,2.5,0.5,0,11195
4250,3,-2.5,0,9768
4250,3,-2,0,9292
4250,3,-1.5,0,8816
4250,3,-1,0,8340
4250,3,-0.5,0,7864
4250,3,0,0,10244
4250,3,0.2,0,10720
4250,3,0.5,0,11196
4250,3.5,-2.5,0,9769
4250,3.5,-2,0,9293
4250,3.5,-1.5,0,8817
4250,3.5,-1,0,8341
4250,3.5,-0.5,0,7865
4250,3.5,0,0,10245
4250,3.5,0.2,0,10721
4250,3.5,0.5,0,11197
4250,4,-2.5,0,9770
4250,4,-2,0,9294
4250,4,-1.5,0,8818
4250,4,-1,0,8342
4250,4,-0.5,0,7866
4250,4,0,0,10246
4250,4,0.2,0,10722
4250,4,0.5,0,11198
4250,4.5,-2.5,0,9771
4250,4.5,-2,0,9295
4250,4.5,-1.5,0,8819
4250,4.5,-1,0,8343
4250,4.5,-0.5,0,7867
4250,4.5,0,0,10247
4250,4.5,0.2,0,10723
4250,4.5,0.5,0,11199
4250,5,-2.5,0,9772
4250,5,-2,0,9296
4250,5,-1.5,0,8820
4250,5,-1,0,8344
4250,5,-0.5,0,7868
4250,5,0,0,10248
4250,5,0.2,0,10724
4250,5,0.5,0,11200
4500,0,-2.5,0,9779
4500,0,-2,0,9303
4500,0,-1.5,0,8827
4500,0,-1,0,8351
4500,0,-0.5,0,7875
4500,0,0,0,10255
4500,0,0.2,0,10731
4500,0,0.5,0,11207
4500,0.5,-2.5,0,9780
4500,0.5,-2,0,9304
4500,0.5,-1.5,0,8828
4500,0.5,-1,0,8352
4500,0.5,-0.5,0,7876
4500,0.5,0,0,10256
4500,0.5,0.2,0,10732
4500,0.5,0.5,0,11208
4500,1,-2.5,0,9781
4500,1,-2,0,9305
4500,1,-1.5,0,8829
4500,1,-1,0,8353
4500,1,-0.5,0,7877
4500,1,0,0,10257
4500,1,0.2,0,10733
4500,1,0.5,0,11209
4500,1.5,-2.5,0,9782
4500,1.5,-2,0,9306
4500,1.5,-1.5,0,8830
4500,1.5,-1,0,8354
4500,1.5,-0.5,0,7878
4500,1.5,0,0,10258
4500,1.5,0.2,0,10734
4500,1.5,0.5,0,11210
4500,2,-2.5,0,9783
4500,2,-2,0,9307
4500,2,-1.5,0,8831
4500,2,-1,0,8355
4500,2,-0.5,0,7879
4500,2,0,0,10259
4500,2,0.2,0,10735
4500,2,0.5,0,11211
4500,2.5,-2.5,0,9784
4500,2.5,-2,0,9308
4500,2.5,-1.5,0,8832
4500,2.5,-1,0,8356
4500,2.5,-0.5,0,7880
4500,2.5,0,0,10260
4500,2.5,0.2,0,10736
4500,2.5,0.5,0,11212
4500,3,-2.5,0,9785
4500,3,-2,0,9309
4500,3,-1.5,0,8833
4500,3,-1,0,8357
4500,3,-0.5,0,7881
4500,3,0,0,10261
4500,3,0.2,0,10737
4500,3,0.5,0,11213
4500,3.5,-2.5,0,9786
4500,3.5,-2,0,9310
4500,3.5,-1.5,0,8834
4500,3.5,-1,0,8358
4500,3.5,-0.5,0,7882
4500,3.5,0,0,10262
4500,3.5,0.2,0,10738
4500,3.5,0.5,0,11214
4500,4,-2.5,0,9787
4500,4,-2,0,9311
4500,4,-1.5,0,8835
4500,4,-1,0,8359
4500,4,-0.5,0,7883
4500,4,0,0,10263
4500,4,0.2,0,10739
4500,4,0.5,0,11215
4500,4.5,-2.5,0,9788
4500,4.5,-2,0,9312
4500,4.5,-1.5,0,8836
4500,4.5,-1,0,8360
4500,4.5,-0.5,0,7884
4500,4.5,0,0,10264
4500,4.5,0.2,0,10740
4500,4.5,0.5,0,11216
4500,5,-2.5,0,9789
4500,5,-2,0,9313
4500,5,-1.5,0,8837
4500,5,-1,0,8361
4500,5,-0.5,0,7885
4500,5,0,0,10265
4500,5,0.2,0,10741
4500,5,0.5,0,11217
4750,0,-2.5,0,9794
4750,0,-2,0,9318
4750,0,-1.5,0,8842
4750,0,-1,0,8366
4750,0,-0.5,0,7890
4750,0,0,0,10270
4750,0,0.2,0,10746
4750,0,0.5,0,11222
4750,0.5,-2.5,0,9795
4750,0.5,-2,0,9319
4750,0.5,-1.5,0,8843
4750,0.5,-1,0,8367
4750,0.5,-0.5,0,7891
4750,0.5,0,0,10271
4750,0.5,0.2,0,10747
4750,0.5,0.5,0,11223
4750,1,-2.5,0,9796
4750,1,-2,0,9320
4750,1,-1.5,0,8844
4750,1,-1,0,8368
4750,1,-0.5,0,7892
4750,1,0,0,10272
4750,1,0.2,0,10748
4750,1,0.5,0,11224
4750,1.5,-2.5,0,9797
4750,1.5,-2,0,9321
4750,1.5,-1.5,0,8845
4750,1.5,-1,0,8369
4750,1.5,-0.5,0,7893
4750,1.5,0,0,10273
4750,1.5,0.2,0,10749
4750,1.5,0.5,0,11225
4750,2,-2.5,0,9798
4750,2,-2,0,9322
4750,2,-1.5,0,8846
4750,2,-1,0,8370
4750,2,-0.5,0,7894
4750,2,0,0,10274
4750,2,0.2,0,10750
4750,2,0.5,0,11226
4750,2.5,-2.5,0,9799
4750,2.5,-2,0,9323
4750,2.5,-1.5,0,8847
4750,2.5,-1,0,8371
4750,2.5,-0.5,0,7895
4750,2.5,0,0,10275
4750,2.5,0.2,0,10751
4750,2.5,0.5,0,11227
4750,3,-2.5,0,9800
4750,3,-2,0,9324
4750,3,-1.5,0,8848
4750,3,-1,0,8372
4750,3,-0.5,0,7896
4750,3,0,0,10276
4750,3,0.2,0,10752
4750,3,0.5,0,11228
4750,3.5,-2.5,0,9801
4750,3.5,-2,0,9325
4750,3.5,-1.5,0,8849
4750,3.5,-1,0,8373
4750,3.5,-0.5,0,7897
4750,3.5,0,0,10277
4750,3.5,0.2,0,10753
4750,3.5,0.5,0,11229
4750,4,-2.5,0,9802
4750,4,-2,0,9326
4750,4,-1.5,0,8850
4750,4,-1,0,8374
4750,4,-0.5,0,7898
4750,4,0,0,10278
4750,4,0.2,0,10754
4750,4,0.5,0,11230
4750,4.5,-2.5,0,9803
4750,4.5,-2,0,9327
4750,4.5,-1.5,0,8851
4750,4.5,-1,0,8375
4750,4.5,-0.5,0,7899
4750,4.5,0,0,10279
4750,4.5,0.2,0,10755
4750,4.5,0.5,0,11231
4750,5,-2.5,0,9804
4750,5,-2,0,9328
4750,5,-1.5,0,8852
4750,5,-1,0,8376
4750,5,-0.5,0,7900
4750,5,0,0,10280
4750,5,0.2,0,10756
4750,5,0.5,0,11232
5000,0,-2.5,0,9810
5000,0,-2,0,9334
5000,0,-1.5,0,8858
5000,0,-1,0,8382
5000,0,-0.5,0,7906
5000,0,0,0,10286
5000,0,0.2,0,10762
5000,0,0.5,0,11238
5000,0.5,-2.5,0,9811
5000,0.5,-2,0,9335
5000,0.5,-1.5,0,8859
5000,0.5,-1,0,8383
5000,0.5,-0.5,0,7907
5000,0.5,0,0,10287
5000,0.5,0.2,0,10763
5000,0.5,0.5,0,11239
5000,1,-2.5,0,9812
5000,1,-2,0,9336
5000,1,-1.5,0,8860
5000,1,-1,0,8384
5000,1,-0.5,0,7908
5000,1,0,0,10288
5000,1,0.2,0,10764
5000,1,0.5,0,11240
5000,1.5,-2.5,0,9813
5000,1.5,-2,0,9337
5000,1.5,-1.5,0,8861
5000,1.5,-1,0,8385
5000,1.5,-0.5,0,7909
5000,1.5,0,0,10289
5000,1.5,0.2,0,10765
5000,1.5,0.5,0,11241
5000,2,-2.5,0,9814
5000,2,-2,0,9338
5000,2,-1.5,0,8862
5000,2,-1,0,8386
5000,2,-0.5,0,7910
5000,2,0,0,10290
5000,2,0.2,0,10766
5000,2,0.5,0,11242
5000,2.5,-2.5,0,9815
5000,2.5,-2,0,9339
5000,2.5,-1.5,0,8863
5000,2.5,-1,0,8387
5000,2.5,-0.5,0,7911
5000,2.5,0,0,10291
5000,2.5,0.2,0,10767
5000,2.5,0.5,0,11243
5000,3,-2.5,0,9816
5000,3,-2,0,9340
5000,3,-1.5,0,8864
5000,3,-1,0,8388
5000,3,-0.5,0,7912
5000,3,0,0,10292
5000,3,0.2,0,10768
5000,3,0.5,0,11244
5000,3.5,-2.5,0,9817
5000,3.5,-2,0,9341
5000,3.5,-1.5,0,8865
5000,3.5,-1,0,8389
5000,3.5,-0.5,0,7913
5000,3.5,0,0,10293
5000,3.5,0.2,0,10769
5000,3.5,0.5,0,11245
5000,4,-2.5,0,9818
5000,4,-2,0,9342
5000,4,-1.5,0,8866
5000,4,-1,0,8390
5000,4,-0.5,0,7914
5000,4,0,0,10294
5000,4,0.2,0,10770
5000,4,0.5,0,11246
5000,4.5,-2.5,0,9819
5000,4.5,-2,0,9343
5000,4.5,-1.5,0,8867
5000,4.5,-1,0,8391
5000,4.5,-0.5,0,7915
5000,4.5,0,0,10295
5000,4.5,0.2,0,10771
5000,4.5,0.5,0,11247
5000,5,-2.5,0,9820
5000,5,-2,0,9344
5000,5,-1.5,0,8868
5000,5,-1,0,8392
5000,5,-0.5,0,7916
5000,5,0,0,10296
5000,5,0.2,0,10772
5000,5,0.5,0,11248
5250,0,-2.5,0,9821
5250,0,-2,0,9345
5250,0,-1.5,0,8869
5250,0,-1,0,8393
5250,0,-0.5,0,7917
5250,0,0,0,10297
5250,0,0.2,0,10773
5250,0,0.5,0,11249
5250,0.5,-2.5,0,9822
5250,0.5,-2,0,9346
5250,0.5,-1.5,0,8870
5250,0.5,-1,0,8394
5250,0.5,-0.5,0,7918
5250,0.5,0,0,10298
5250,0.5,0.2,0,10774
5250,0.5,0.5,0,11250
5250,1,-2.5,0,9823
5250,1,-2,0,9347
5250,1,-1.5,0,8871
5250,1,-1,0,8395
5250,1,-0.5,0,7919
5250,1,0,0,10299
5250,1,0.2,0,10775
5250,1,0.5,0,11251
5250,1.5,-2.5,0,9824
5250,1.5,-2,0,9348
5250,1.5,-1.5,0,8872
5250,1.5,-1,0,8396
5250,1.5,-0.5,0,7920
5250,1.5,0,0,10300
5250,1.5,0.2,0,10776
5250,1.5,0.5,0,11252
5250,2,-2.5,0,9825
5250,2,-2,0,9349
5250,2,-1.5,0,8873
5250,2,-1,0,8397
5250,2,-0.5,0,7921
5250,2,0,0,10301
5250,2,0.2,0,10777
5250,2,0.5,0,11253
5250,2.5,-2.5,0,9826
5250,2.5,-2,0,9350
5250,2.5,-1.5,0,8874
5250,2.5,-1,0,8398
5250,2.5,-0.5,0,7922
5250,2.5,0,0,10302
5250,2.5,0.2,0,10778
5250,2.5,0.5,0,11254
5250,3,-2.5,0,9827
5250,3,-2,0,9351
5250,3,-1.5,0,8875
5250,3,-1,0,8399
5250,3,-0.5,0,7923
5250,3,0,0,10303
5250,3,0.2,0,10779
5250,3,0.5,0,11255
5250,3.5,-2.5,0,9828
5250,3.5,-2,0,9352
5250,3.5,-1.5,0,8876
5250,3.5,-1,0,8400
5250,3.5,-0.5,0,7924
5250,3.5,0,0,10304
5250,3.5,0.2,0,10780
5250,3.5,0.5,0,11256
5250,4,-2.5,0,9829
5250,4,-2,0,9353
5250,4,-1.5,0,8877
5250,4,-1,0,8401
5250,4,-0.5,0,7925
5250,4,0,0,10305
5250,4,0.2,0,10781
5250,4,0.5,0,11257
5250,4.5,-2.5,0,9830
5250,4.5,-2,0,9354
5250,4.5,-1.5,0,8878
5250,4.5,-1,0,8402
5250,4.5,-0.5,0,7926
5250,4.5,0,0,10306
5250,4.5,0.2,0,10782
5250,4.5,0.5,0,11258
5250,5,-2.5,0,9831
5250,5,-2,0,9355
5250,5,-1.5,0,8879
5250,5,-1,0,8403
5250,5,-0.5,0,7927
5250,5,0,0,10307
5250,5,0.2,0,10783
5250,5,0.5,0,11259
5500,0,-2.5,0,9832
5500,0,-2,0,9356
5500,0,-1.5,0,8880
5500,0,-1,0,8404
5500,0,-0.5,0,7928
5500,0,0,0,10308
5500,0,0.2,0,10784
5500,0,0.5,0,11260
5500,0.5,-2.5,0,9833
5500,0.5,-2,0,9357
5500,0.5,-1.5,0,8881
5500,0.5,-1,0,8405
5500,0.5,-0.5,0,7929
5500,0.5,0,0,10309
5500,0.5,0.2,0,10785
5500,0.5,0.5,0,11261
5500,1,-2.5,0,9834
5500,1,-2,0,9358
5500,1,-1.5,0,8882
5500,1,-1,0,8406
5500,1,-0.5,0,7930
5500,1,0,0,10310
5500,1,0.2,0,10786
5500,1,0.5,0,11262
5500,1.5,-2.5,0,9835
5500,1.5,-2,0,9359
5500,1.5,-1.5,0,8883
5500,1.5,-1,0,8407
5500,1.5,-0.5,0,7931
5500,1.5,0,0,10311
5500,1.5,0.2,0,10787
5500,1.5,0.5,0,11263
5500,2,-2.5,0,9836
5500,2,-2,0,9360
5500,2,-1.5,0,8884
5500,2,-1,0,8408
5500,2,-0.5,0,7932
5500,2,0,0,10312
5500,2,0.2,0,10788
5500,2,0.5,0,11264
5500,2.5,-2.5,0,9837
5500,2.5,-2,0,9361
5500,2.5,-1.5,0,8885
5500,2.5,-1,0,8409
5500,2.5,-0.5,0,7933
5500,2.5,0,0,10313
5500,2.5,0.2,0,10789
5500,2.5,0.5,0,11265
5500,3,-2.5,0,9838
5500,3,-2,0,9362
5500,3,-1.5,0,8886
5500,3,-1,0,8410
5500,3,-0.5,0,7934
5500,3,0,0,10314
5500,3,0.2,0,10790
5500,3,0.5,0,11266
5500,3.5,-2.5,0,9839
5500,3.5,-2,0,9363
5500,3.5,-1.5,0,8887
5500,3.5,-1,0,8411
5500,3.5,-0.5,0,7935
5500,3.5,0,0,10315
5500,3.5,0.2,0,10791
5500,3.5,0.5,0,11267
5500,4,-2.5,0,9840
5500,4,-2,0,9364
5500,4,-1.5,0,8888
5500,4,-1,0,8412
5500,4,-0.5,0,7936
5500,4,0,0,10316
5500,4,0.2,0,10792
5500,4,0.5,0,11268
5500,4.5,-2.5,0,9841
5500,4.5,-2,0,9365
5500,4.5,-1.5,0,8889
5500,4.5,-1,0,8413
5500,4.5,-0.5,0,7937
5500,4.5,0,0,10317
5500,4.5,0.2,0,10793
5500,4.5,0.5,0,11269
5500,5,-2.5,0,9842
5500,5,-2,0,9366
5500,5,-1.5,0,8890
5500,5,-1,0,8414
5500,5,-0.5,0,7938
5500,5,0,0,10318
5500,5,0.2,0,10794
5500,5,0.5,0,11270
5750,0,-2.5,0,9843
5750,0,-2,0,9367
5750,0,-1.5,0,8891
5750,0,-1,0,8415
5750,0,-0.5,0,7939
5750,0,0,0,10319
5750,0,0.2,0,10795
5750,0,0.5,0,11271
5750,0.5,-2.5,0,9844
5750,0.5,-2,0,9368
5750,0.5,-1.5,0,8892
5750,0.5,-1,0,8416
5750,0.5,-0.5,0,7940
5750,0.5,0,0,10320
5750,0.5,0.2,0,10796
5750,0.5,0.5,0,11272
5750,1,-2.5,0,9845
5750,1,-2,0,9369
5750,1,-1.5,0,8893
5750,1,-1,0,8417
5750,1,-0.5,0,7941
5750,1,0,0,10321
5750,1,0.2,0,10797
5750,1,0.5,0,11273
5750,1.5,-2.5,0,9846
5750,1.5,-2,0,9370
5750,1.5,-1.5,0,8894
5750,1.5,-1,0,8418
5750,1.5,-0.5,0,7942
5750,1.5,0,0,10322
5750,1.5,0.2,0,10798
5750,1.5,0.5,0,11274
5750,2,-2.5,0,9847
5750,2,-2,0,9371
5750,2,-1.5,0,8895
5750,2,-1,0,8419
5750,2,-0.5,0,7943
5750,2,0,0,10323
5750,2,0.2,0,10799
5750,2,0.5,0,11275
5750,2.5,-2.5,0,9848
5750,2.5,-2,0,9372
5750,2.5,-1.5,0,8896
5750,2.5,-1,0,8420
5750,2.5,-0.5,0,7944
5750,2.5,0,0,10324
5750,2.5,0.2,0,10800
5750,2.5,0.5,0,11276
5750,3,-2.5,0,9849
5750,3,-2,0,9373
5750,3,-1.5,0,8897
5750,3,-1,0,8421
5750,3,-0.5,0,7945
5750,3,0,0,10325
5750,3,0.2,0,10801
5750,3,0.5,0,11277
5750,3.5,-2.5,0,9850
5750,3.5,-2,0,9374
5750,3.5,-1.5,0,8898
5750,3.5,-1,0,8422
5750,3.5,-0.5,0,7946
5750,3.5,0,0,10326
5750,3.5,0.2,0,10802
5750,3.5,0.5,0,11278
5750,4,-2.5,0,9851
5750,4,-2,0,9375
5750,4,-1.5,0,8899
5750,4,-1,0,8423
5750,4,-0.5,0,7947
5750,4,0,0,10327
5750,4,0.2,0,10803
5750,4,0.5,0,11279
5750,4.5,-2.5,0,9852
5750,4.5,-2,0,9376
5750,4.5,-1.5,0,8900
5750,4.5,-1,0,8424
5750,4.5,-0.5,0,7948
5750,4.5,0,0,10328
5750,4.5,0.2,0,10804
5750,4.5,0.5,0,11280
5750,5,-2.5,0,9853
5750,5,-2,0,9377
5750,5,-1.5,0,8901
5750,5,-1,0,8425
5750,5,-0.5,0,7949
5750,5,0,0,10329
5750,5,0.2,0,10805
5750,5,0.5,0,11281
6000,0,-2.5,0,9854
6000,0,-2,0,9378
6000,0,-1.5,0,8902
6000,0,-1,0,8426
6000,0,-0.5,0,7950
6000,0,0,0,10330
6000,0,0.2,0,10806
6000,0,0.5,0,11282
6000,0.5,-2.5,0,9855
6000,0.5,-2,0,9379
6000,0.5,-1.5,0,8903
6000,0.5,-1,0,8427
6000,0.5,-0.5,0,7951
6000,0.5,0,0,10331
6000,0.5,0.2,0,10807
6000,0.5,0.5,0,11283
6000,1,-2.5,0,9856
6000,1,-2,0,9380
6000,1,-1.5,0,8904
6000,1,-1,0,8428
6000,1,-0.5,0,7952
6000,1,0,0,10332
6000,1,0.2,0,10808
6000,1,0.5,0,11284
6000,1.5,-2.5,0,9857
6000,1.5,-2,0,9381
6000,1.5,-1.5,0,8905
6000,1.5,-1,0,8429
6000,1.5,-0.5,0,7953
6000,1.5,0,0,10333
6000,1.5,0.2,0,10809
6000,1.5,0.5,0,11285
6000,2,-2.5,0,9858
6000,2,-2,0,9382
6000,2,-1.5,0,8906
6000,2,-1,0,8430
6000,2,-0.5,0,7954
6000,2,0,0,10334
6000,2,0.2,0,10810
6000,2,0.5,0,11286
6000,2.5,-2.5,0,9859
6000,2.5,-2,0,9383
6000,2.5,-1.5,0,8907
6000,2.5,-1,0,8431
6000,2.5,-0.5,0,7955
6000,2.5,0,0,10335
6000,2.5,0.2,0,10811
6000,2.5,0.5,0,11287
6000,3,-2.5,0,9860
6000,3,-2,0,9384
6000,3,-1.5,0,8908
6000,3,-1,0,8432
6000,3,-0.5,0,7956
6000,3,0,0,10336
6000,3,0.2,0,10812
6000,3,0.5,0,11288
6000,3.5,-2.5,0,9861
6000,3.5,-2,0,9385
6000,3.5,-1.5,0,8909
6000,3.5,-1,0,8433
6000,3.5,-0.5,0,7957
6000,3.5,0,0,10337
6000,3.5,0.2,0,10813
6000,3.5,0.5,0,11289
6000,4,-2.5,0,9862
6000,4,-2,0,9386
6000,4,-1.5,0,8910
6000,4,-1,0,8434
6000,4,-0.5,0,7958
6000,4,0,0,10338
6000,4,0.2,0,10814
6000,4,0.5,0,11290
6000,4.5,-2.5,0,9863
6000,4.5,-2,0,9387
6000,4.5,-1.5,0,8911
6000,4.5,-1,0,8435
6000,4.5,-0.5,0,7959
6000,4.5,0,0,10339
6000,4.5,0.2,0,10815
6000,4.5,0.5,0,11291
6000,5,-2.5,0,9864
6000,5,-2,0,9388
6000,5,-1.5,0,8912
6000,5,-1,0,8436
6000,5,-0.5,0,7960
6000,5,0,0,10340
6000,5,0.2,0,10816
6000,5,0.5,0,11292
6250,0.5,-2.5,0,9865
6250,0.5,-2,0,9389
6250,0.5,-1.5,0,8913
6250,0.5,-1,0,8437
6250,0.5,-0.5,0,7961
6250,0.5,0,0,10341
6250,0.5,0.2,0,10817
6250,0.5,0.5,0,11293
6250,1,-2.5,0,9866
6250,1,-2,0,9390
6250,1,-1.5,0,8914
6250,1,-1,0,8438
6250,1,-0.5,0,7962
6250,1,0,0,10342
6250,1,0.2,0,10818
6250,1,0.5,0,11294
6250,1.5,-2.5,0,9867
6250,1.5,-2,0,9391
6250,1.5,-1.5,0,8915
6250,1.5,-1,0,8439
6250,1.5,-0.5,0,7963
6250,1.5,0,0,10343
6250,1.5,0.2,0,10819
6250,1.5,0.5,0,11295
6250,2,-2.5,0,9868
6250,2,-2,0,9392
6250,2,-1.5,0,8916
6250,2,-1,0,8440
6250,2,-0.5,0,7964
6250,2,0,0,10344
6250,2,0.2,0,10820
6250,2,0.5,0,11296
6250,2.5,-2.5,0,9869
6250,2.5,-2,0,9393
6250,2.5,-1.5,0,8917
6250,2.5,-1,0,8441
6250,2.5,-0.5,0,7965
6250,2.5,0,0,10345
6250,2.5,0.2,0,10821
6250,2.5,0.5,0,11297
6250,3,-2.5,0,9870
6250,3,-2,0,9394
6250,3,-1.5,0,8918
6250,3,-1,0,8442
6250,3,-0.5,0,7966
6250,3,0,0,10346
6250,3,0.2,0,10822
6250,3,0.5,0,11298
6250,3.5,-2.5,0,9871
6250,3.5,-2,0,9395
6250,3.5,-1.5,0,8919
6250,3.5,-1,0,8443
6250,3.5,-0.5,0,7967
6250,3.5,0,0,10347
6250,3.5,0.2,0,10823
6250,3.5,0.5,0,11299
6250,4,-2.5,0,9872
6250,4,-2,0,9396
6250,4,-1.5,0,8920
6250,4,-1,0,8444
6250,4,-0.5,0,7968
6250,4,0,0,10348
6250,4,0.2,0,10824
6250,4,0.5,0,11300
6250,4.5,-2.5,0,9873
6250,4.5,-2,0,9397
6250,4.5,-1.5,0,8921
6250,4.5,-1,0,8445
6250,4.5,-0.5,0,7969
6250,4.5,0,0,10349
6250,4.5,0.2,0,10825
6250,4.5,0.5,0,11301
6250,5,-2.5,0,9874
6250,5,-2,0,9398
6250,5,-1.5,0,8922
6250,5,-1,0,8446
6250,5,-0.5,0,7970
6250,5,0,0,10350
6250,5,0.2,0,10826
6250,5,0.5,0,11302
6500,0.5,-2.5,0,9875
6500,0.5,-2,0,9399
6500,0.5,-1.5,0,8923
6500,0.5,-1,0,8447
6500,0.5,-0.5,0,7971
6500,0.5,0,0,10351
6500,0.5,0.2,0,10827
6500,0.5,0.5,0,11303
6500,1,-2.5,0,9876
6500,1,-2,0,9400
6500,1,-1.5,0,8924
6500,1,-1,0,8448
6500,1,-0.5,0,7972
6500,1,0,0,10352
6500,1,0.2,0,10828
6500,1,0.5,0,11304
6500,1.5,-2.5,0,9877
6500,1.5,-2,0,9401
6500,1.5,-1.5,0,8925
6500,1.5,-1,0,8449
6500,1.5,-0.5,0,7973
6500,1.5,0,0,10353
6500,1.5,0.2,0,10829
6500,1.5,0.5,0,11305
6500,2,-2.5,0,9878
6500,2,-2,0,9402
6500,2,-1.5,0,8926
6500,2,-1,0,8450
6500,2,-0.5,0,7974
6500,2,0,0,10354
6500,2,0.2,0,10830
6500,2,0.5,0,11306
6500,2.5,-2.5,0,9879
6500,2.5,-2,0,9403
6500,2.5,-1.5,0,8927
6500,2.5,-1,0,8451
6500,2.5,-0.5,0,7975
6500,2.5,0,0,10355
6500,2.5,0.2,0,10831
6500,2.5,0.5,0,11307
6500,3,-2.5,0,9880
6500,3,-2,0,9404
6500,3,-1.5,0,8928
6500,3,-1,0,8452
6500,3,-0.5,0,7976
6500,3,0,0,10356
6500,3,0.2,0,10832
6500,3,0.5,0,11308
6500,3.5,-2.5,0,9881
6500,3.5,-2,0,9405
6500,3.5,-1.5,0,8929
6500,3.5,-1,0,8453
6500,3.5,-0.5,0,7977
6500,3.5,0,0,10357
6500,3.5,0.2,0,10833
6500,3.5,0.5,0,11309
6500,4,-2.5,0,9882
6500,4,-2,0,9406
6500,4,-1.5,0,8930
6500,4,-1,0,8454
6500,4,-0.5,0,7978
6500,4,0,0,10358
6500,4,0.2,0,10834
6500,4,0.5,0,11310
6500,4.5,-2.5,0,9883
6500,4.5,-2,0,9407
6500,4.5,-1.5,0,8931
6500,4.5,-1,0,8455
6500,4.5,-0.5,0,7979
6500,4.5,0,0,10359
6500,4.5,0.2,0,10835
6500,4.5,0.5,0,11311
6500,5,-2.5,0,9884
6500,5,-2,0,9408
6500,5,-1.5,0,8932
6500,5,-1,0,8456
6500,5,-0.5,0,7980
6500,5,0,0,10360
6500,5,0.2,0,10836
6500,5,0.5,0,11312
6750,0.5,-2.5,0,9885
6750,0.5,-2,0,9409
6750,0.5,-1.5,0,8933
6750,0.5,-1,0,8457
6750,0.5,-0.5,0,7981
6750,0.5,0,0,10361
6750,0.5,0.2,0,10837
6750,0.5,0.5,0,11313
6750,1,-2.5,0,9886
6750,1,-2,0,9410
6750,1,-1.5,0,8934
6750,1,-1,0,8458
6750,1,-0.5,0,7982
6750,1,0,0,10362
6750,1,0.2,0,10838
6750,1,0.5,0,11314
6750,1.5,-2.5,0,9887
6750,1.5,-2,0,9411
6750,1.5,-1.5,0,8935
6750,1.5,-1,0,8459
6750,1.5,-0.5,0,7983
6750,1.5,0,0,10363
6750,1.5,0.2,0,10839
6750,1.5,0.5,0,11315
6750,2,-2.5,0,9888
6750,2,-2,0,9412
6750,2,-1.5,0,8936
6750,2,-1,0,8460
6750,2,-0.5,0,7984
6750,2,0,0,10364
6750,2,0.2,0,10840
6750,2,0.5,0,11316
6750,2.5,-2.5,0,9889
6750,2.5,-2,0,9413
6750,2.5,-1.5,0,8937
6750,2.5,-1,0,8461
6750,2.5,-0.5,0,7985
6750,2.5,0,0,10365
6750,2.5,0.2,0,10841
6750,2.5,0.5,0,11317
6750,3,-2.5,0,9890
6750,3,-2,0,9414
6750,3,-1.5,0,8938
6750,3,-1,0,8462
6750,3,-0.5,0,7986
6750,3,0,0,10366
6750,3,0.2,0,10842
6750,3,0.5,0,11318
6750,3.5,-2.5,0,9891
6750,3.5,-2,0,9415
6750,3.5,-1.5,0,8939
6750,3.5,-1,0,8463
6750,3.5,-0.5,0,7987
6750,3.5,0,0,10367
6750,3.5,0.2,0,10843
6750,3.5,0.5,0,11319
6750,4,-2.5,0,9892
6750,4,-2,0,9416
6750,4,-1.5,0,8940
6750,4,-1,0,8464
6750,4,-0.5,0,7988
6750,4,0,0,10368
6750,4,0.2,0,10844
6750,4,0.5,0,11320
6750,4.5,-2.5,0,9893
6750,4.5,-2,0,9417
6750,4.5,-1.5,0,8941
6750,4.5,-1,0,8465
6750,4.5,-0.5,0,7989
6750,4.5,0,0,10369
6750,4.5,0.2,0,10845
6750,4.5,0.5,0,11321
6750,5,-2.5,0,9894
6750,5,-2,0,9418
6750,5,-1.5,0,8942
6750,5,-1,0,8466
6750,5,-0.5,0,7990
6750,5,0,0,10370
6750,5,0.2,0,10846
6750,5,0.5,0,11322
7000,0.5,-2.5,0,9895
7000,0.5,-2,0,9419
7000,0.5,-1.5,0,8943
7000,0.5,-1,0,8467
7000,0.5,-0.5,0,7991
7000,0.5,0,0,10371
7000,0.5,0.2,0,10847
7000,0.5,0.5,0,11323
7000,1,-2.5,0,9896
7000,1,-2,0,9420
7000,1,-1.5,0,8944
7000,1,-1,0,8468
7000,1,-0.5,0,7992
7000,1,0,0,10372
7000,1,0.2,0,10848
7000,1,0.5,0,11324
7000,1.5,-2.5,0,9897
7000,1.5,-2,0,9421
7000,1.5,-1.5,0,8945
7000,1.5,-1,0,8469
7000,1.5,-0.5,0,7993
7000,1.5,0,0,10373
7000,1.5,0.2,0,10849
7000,1.5,0.5,0,11325
7000,2,-2.5,0,9898
7000,2,-2,0,9422
7000,2,-1.5,0,8946
7000,2,-1,0,8470
7000,2,-0.5,0,7994
7000,2,0,0,10374
7000,2,0.2,0,10850
7000,2,0.5,0,11326
7000,2.5,-2.5,0,9899
7000,2.5,-2,0,9423
7000,2.5,-1.5,0,8947
7000,2.5,-1,0,8471
7000,2.5,-0.5,0,7995
7000,2.5,0,0,10375
7000,2.5,0.2,0,10851
7000,2.5,0.5,0,11327
7000,3,-2.5,0,9900
7000,3,-2,0,9424
7000,3,-1.5,0,8948
7000,3,-1,0,8472
7000,3,-0.5,0,7996
7000,3,0,0,10376
7000,3,0.2,0,10852
7000,3,0.5,0,11328
7000,3.5,-2.5,0,9901
7000,3.5,-2,0,9425
7000,3.5,-1.5,0,8949
7000,3.5,-1,0,8473
7000,3.5,-0.5,0,7997
7000,3.5,0,0,10377
7000,3.5,0.2,0,10853
7000,3.5,0.5,0,11329
7000,4,-2.5,0,9902
7000,4,-2,0,9426
7000,4,-1.5,0,8950
7000,4,-1,0,8474
7000,4,-0.5,0,7998
7000,4,0,0,10378
7000,4,0.2,0,10854
7000,4,0.5,0,11330
7000,4.5,-2.5,0,9903
7000,4.5,-2,0,9427
7000,4.5,-1.5,0,8951
7000,4.5,-1,0,8475
7000,4.5,-0.5,0,7999
7000,4.5,0,0,10379
7000,4.5,0.2,0,10855
7000,4.5,0.5,0,11331
7000,5,-2.5,0,9904
7000,5,-2,0,9428
7000,5,-1.5,0,8952
7000,5,-1,0,8476
7000,5,-0.5,0,8000
7000,5,0,0,10380
7000,5,0.2,0,10856
7000,5,0.5,0,11332
7250,0.5,-2.5,0,9905
7250,0.5,-2,0,9429
7250,0.5,-1.5,0,8953
7250,0.5,-1,0,8477
7250,0.5,-0.5,0,8001
7250,0.5,0,0,10381
7250,0.5,0.2,0,10857
7250,0.5,0.5,0,11333
7250,1,-2.5,0,9906
7250,1,-2,0,9430
7250,1,-1.5,0,8954
7250,1,-1,0,8478
7250,1,-0.5,0,8002
7250,1,0,0,10382
7250,1,0.2,0,10858
7250,1,0.5,0,11334
7250,1.5,-2.5,0,9907
7250,1.5,-2,0,9431
7250,1.5,-1.5,0,8955
7250,1.5,-1,0,8479
7250,1.5,-0.5,0,8003
7250,1.5,0,0,10383
7250,1.5,0.2,0,10859
7250,1.5,0.5,0,11335
7250,2,-2.5,0,9908
7250,2,-2,0,9432
7250,2,-1.5,0,8956
7250,2,-1,0,8480
7250,2,-0.5,0,8004
7250,2,0,0,10384
7250,2,0.2,0,10860
7250,2,0.5,0,11336
7250,2.5,-2.5,0,9909
7250,2.5,-2,0,9433
7250,2.5,-1.5,0,8957
7250,2.5,-1,0,8481
7250,2.5,-0.5,0,8005
7250,2.5,0,0,10385
7250,2.5,0.2,0,10861
7250,2.5,0.5,0,11337
7250,3,-2.5,0,9910
7250,3,-2,0,9434
7250,3,-1.5,0,8958
7250,3,-1,0,8482
7250,3,-0.5,0,8006
7250,3,0,0,10386
7250,3,0.2,0,10862
7250,3,0.5,0,11338
7250,3.5,-2.5,0,9911
7250,3.5,-2,0,9435
7250,3.5,-1.5,0,8959
7250,3.5,-1,0,8483
7250,3.5,-0.5,0,8007
7250,3.5,0,0,10387
7250,3.5,0.2,0,10863
7250,3.5,0.5,0,11339
7250,4,-2.5,0,9912
7250,4,-2,0,9436
7250,4,-1.5,0,8960
7250,4,-1,0,8484
7250,4,-0.5,0,8008
7250,4,0,0,10388
7250,4,0.2,0,10864
7250,4,0.5,0,11340
7250,4.5,-2.5,0,9913
7250,4.5,-2,0,9437
7250,4.5,-1.5,0,8961
7250,4.5,-1,0,8485
7250,4.5,-0.5,0,8009
7250,4.5,0,0,10389
7250,4.5,0.2,0,10865
7250,4.5,0.5,0,11341
7250,5,-2.5,0,9914
7250,5,-2,0,9438
7250,5,-1.5,0,8962
7250,5,-1,0,8486
7250,5,-0.5,0,8010
7250,5,0,0,10390
7250,5,0.2,0,10866
7250,5,0.5,0,11342
7500,0.5,-2.5,0,9915
7500,0.5,-2,0,9439
7500,0.5,-1.5,0,8963
7500,0.5,-1,0,8487
7500,0.5,-0.5,0,8011
7500,0.5,0,0,10391
7500,0.5,0.2,0,10867
7500,0.5,0.5,0,11343
7500,1,-2.5,0,9916
7500,1,-2,0,9440
7500,1,-1.5,0,8964
7500,1,-1,0,8488
7500,1,-0.5,0,8012
7500,1,0,0,10392
7500,1,0.2,0,10868
7500,1,0.5,0,11344
7500,1.5,-2.5,0,9917
7500,1.5,-2,0,9441
7500,1.5,-1.5,0,8965
7500,1.5,-1,0,8489
7500,1.5,-0.5,0,8013
7500,1.5,0,0,10393
7500,1.5,0.2,0,10869
7500,1.5,0.5,0,11345
7500,2,-2.5,0,9918
7500,2,-2,0,9442
7500,2,-1.5,0,8966
7500,2,-1,0,8490
7500,2,-0.5,0,8014
7500,2,0,0,10394
7500,2,0.2,0,10870
7500,2,0.5,0,11346
7500,2.5,-2.5,0,9919
7500,2.5,-2,0,9443
7500,2.5,-1.5,0,8967
7500,2.5,-1,0,8491
7500,2.5,-0.5,0,8015
7500,2.5,0,0,10395
7500,2.5,0.2,0,10871
7500,2.5,0.5,0,11347
7500,3,-2.5,0,9920
7500,3,-2,0,9444
7500,3,-1.5,0,8968
7500,3,-1,0,8492
7500,3,-0.5,0,8016
7500,3,0,0,10396
7500,3,0.2,0,10872
7500,3,0.5,0,11348
7500,3.5,-2.5,0,9921
7500,3.5,-2,0,9445
7500,3.5,-1.5,0,8969
7500,3.5,-1,0,8493
7500,3.5,-0.5,0,8017
7500,3.5,0,0,10397
7500,3.5,0.2,0,10873
7500,3.5,0.5,0,11349
7500,4,-2.5,0,9922
7500,4,-2,0,9446
7500,4,-1.5,0,8970
7500,4,-1,0,8494
7500,4,-0.5,0,8018
7500,4,0,0,10398
7500,4,0.2,0,10874
7500,4,0.5,0,11350
7500,4.5,-2.5,0,9923
7500,4.5,-2,0,9447
7500,4.5,-1.5,0,8971
7500,4.5,-1,0,8495
7500,4.5,-0.5,0,8019
7500,4.5,0,0,10399
7500,4.5,0.2,0,10875
7500,4.5,0.5,0,11351
7500,5,-2.5,0,9924
7500,5,-2,0,9448
7500,5,-1.5,0,8972
7500,5,-1,0,8496
7500,5,-0.5,0,8020
7500,5,0,0,10400
7500,5,0.2,0,10876
7500,5,0.5,0,11352
7750,1,-2.5,0,9925
7750,1,-2,0,9449
7750,1,-1.5,0,8973
7750,1,-1,0,8497
7750,1,-0.5,0,8021
7750,1,0,0,10401
7750,1,0.2,0,10877
7750,1,0.5,0,11353
7750,1.5,-2.5,0,9926
7750,1.5,-2,0,9450
7750,1.5,-1.5,0,8974
7750,1.5,-1,0,8498
7750,1.5,-0.5,0,8022
7750,1.5,0,0,10402
7750,1.5,0.2,0,10878
7750,1.5,0.5,0,11354
7750,2,-2.5,0,9927
7750,2,-2,0,9451
7750,2,-1.5,0,8975
7750,2,-1,0,8499
7750,2,-0.5,0,8023
7750,2,0,0,10403
7750,2,0.2,0,10879
7750,2,0.5,0,11355
7750,2.5,-2.5,0,9928
7750,2.5,-2,0,9452
7750,2.5,-1.5,0,8976
7750,2.5,-1,0,8500
7750,2.5,-0.5,0,8024
7750,2.5,0,0,10404
7750,2.5,0.2,0,10880
7750,2.5,0.5,0,11356
7750,3,-2.5,0,9929
7750,3,-2,0,9453
7750,3,-1.5,0,8977
7750,3,-1,0,8501
7750,3,-0.5,0,8025
7750,3,0,0,10405
7750,3,0.2,0,10881
7750,3,0.5,0,11357
7750,3.5,-2.5,0,9930
7750,3.5,-2,0,9454
7750,3.5,-1.5,0,8978
7750,3.5,-1,0,8502
7750,3.5,-0.5,0,8026
7750,3.5,0,0,10406
7750,3.5,0.2,0,10882
7750,3.5,0.5,0,11358
7750,4,-2.5,0,9931
7750,4,-2,0,9455
7750,4,-1.5,0,8979
7750,4,-1,0,8503
7750,4,-0.5,0,8027
7750,4,0,0,10407
7750,4,0.2,0,10883
7750,4,0.5,0,11359
7750,4.5,-2.5,0,9932
7750,4.5,-2,0,9456
7750,4.5,-1.5,0,8980
7750,4.5,-1,0,8504
7750,4.5,-0.5,0,8028
7750,4.5,0,0,10408
7750,4.5,0.2,0,10884
7750,4.5,0.5,0,11360
7750,5,-2.5,0,9933
7750,5,-2,0,9457
7750,5,-1.5,0,8981
7750,5,-1,0,8505
7750,5,-0.5,0,8029
7750,5,0,0,10409
7750,5,0.2,0,10885
7750,5,0.5,0,11361
8000,1,-2.5,0,9934
8000,1,-2,0,9458
8000,1,-1.5,0,8982
8000,1,-1,0,8506
8000,1,-0.5,0,8030
8000,1,0,0,10410
8000,1,0.2,0,10886
8000,1,0.5,0,11362
8000,1.5,-2.5,0,9935
8000,1.5,-2,0,9459
8000,1.5,-1.5,0,8983
8000,1.5,-1,0,8507
8000,1.5,-0.5,0,8031
8000,1.5,0,0,10411
8000,1.5,0.2,0,10887
8000,1.5,0.5,0,11363
8000,2,-2.5,0,9936
8000,2,-2,0,9460
8000,2,-1.5,0,8984
8000,2,-1,0,8508
8000,2,-0.5,0,8032
8000,2,0,0,10412
8000,2,0.2,0,10888
8000,2,0.5,0,11364
8000,2.5,-2.5,0,9937
8000,2.5,-2,0,9461
8000,2.5,-1.5,0,8985
8000,2.5,-1,0,8509
8000,2.5,-0.5,0,8033
8000,2.5,0,0,10413
8000,2.5,0.2,0,10889
8000,2.5,0.5,0,11365
8000,3,-2.5,0,9938
8000,3,-2,0,9462
8000,3,-1.5,0,8986
8000,3,-1,0,8510
8000,3,-0.5,0,8034
8000,3,0,0,10414
8000,3,0.2,0,10890
8000,3,0.5,0,11366
8000,3.5,-2.5,0,9939
8000,3.5,-2,0,9463
8000,3.5,-1.5,0,8987
8000,3.5,-1,0,8511
8000,3.5,-0.5,0,8035
8000,3.5,0,0,10415
8000,3.5,0.2,0,10891
8000,3.5,0.5,0,11367
8000,4,-2.5,0,9940
8000,4,-2,0,9464
8000,4,-1.5,0,8988
8000,4,-1,0,8512
8000,4,-0.5,0,8036
8000,4,0,0,10416
8000,4,0.2,0,10892
8000,4,0.5,0,11368
8000,4.5,-2.5,0,9941
8000,4.5,-2,0,9465
8000,4.5,-1.5,0,8989
8000,4.5,-1,0,8513
8000,4.5,-0.5,0,8037
8000,4.5,0,0,10417
8000,4.5,0.2,0,10893
8000,4.5,0.5,0,11369
8000,5,-2.5,0,9942
8000,5,-2,0,9466
8000,5,-1.5,0,8990
8000,5,-1,0,8514
8000,5,-0.5,0,8038
8000,5,0,0,10418
8000,5,0.2,0,10894
8000,5,0.5,0,11370
8250,1,-2.5,0,9943
8250,1,-2,0,9467
8250,1,-1.5,0,8991
8250,1,-1,0,8515
8250,1,-0.5,0,8039
8250,1,0,0,10419
8250,1,0.2,0,10895
8250,1,0.5,0,11371
8250,1.5,-2.5,0,9944
8250,1.5,-2,0,9468
8250,1.5,-1.5,0,8992
8250,1.5,-1,0,8516
8250,1.5,-0.5,0,8040
8250,1.5,0,0,10420
8250,1.5,0.2,0,10896
8250,1.5,0.5,0,11372
8250,2,-2.5,0,9945
8250,2,-2,0,9469
8250,2,-1.5,0,8993
8250,2,-1,0,8517
8250,2,-0.5,0,8041
8250,2,0,0,10421
8250,2,0.2,0,10897
8250,2,0.5,0,11373
8250,2.5,-2.5,0,9946
8250,2.5,-2,0,9470
8250,2.5,-1.5,0,8994
8250,2.5,-1,0,8518
8250,2.5,-0.5,0,8042
8250,2.5,0,0,10422
8250,2.5,0.2,0,10898
8250,2.5,0.5,0,11374
8250,3,-2.5,0,9947
8250,3,-2,0,9471
8250,3,-1.5,0,8995
8250,3,-1,0,8519
8250,3,-0.5,0,8043
8250,3,0,0,10423
8250,3,0.2,0,10899
8250,3,0.5,0,11375
8250,3.5,-2.5,0,9948
8250,3.5,-2,0,9472
8250,3.5,-1.5,0,8996
8250,3.5,-1,0,8520
8250,3.5,-0.5,0,8044
8250,3.5,0,0,10424
8250,3.5,0.2,0,10900
8250,3.5,0.5,0,11376
8250,4,-2.5,0,9949
8250,4,-2,0,9473
8250,4,-1.5,0,8997
8250,4,-1,0,8521
8250,4,-0.5,0,8045
8250,4,0,0,10425
8250,4,0.2,0,10901
8250,4,0.5,0,11377
8250,4.5,-2.5,0,9950
8250,4.5,-2,0,9474
8250,4.5,-1.5,0,8998
8250,4.5,-1,0,8522
8250,4.5,-0.5,0,8046
8250,4.5,0,0,10426
8250,4.5,0.2,0,10902
8250,4.5,0.5,0,11378
8250,5,-2.5,0,9951
8250,5,-2,0,9475
8250,5,-1.5,0,8999
8250,5,-1,0,8523
8250,5,-0.5,0,8047
8250,5,0,0,10427
8250,5,0.2,0,10903
8250,5,0.5,0,11379
8500,1.5,-2.5,0,9952
8500,1.5,-2,0,9476
8500,1.5,-1.5,0,9000
8500,1.5,-1,0,8524
8500,1.5,-0.5,0,8048
8500,1.5,0,0,10428
8500,1.5,0.2,0,10904
8500,1.5,0.5,0,11380
8500,2,-2.5,0,9953
8500,2,-2,0,9477
8500,2,-1.5,0,9001
8500,2,-1,0,8525
8500,2,-0.5,0,8049
8500,2,0,0,10429
8500,2,0.2,0,10905
8500,2,0.5,0,11381
8500,2.5,-2.5,0,9954
8500,2.5,-2,0,9478
8500,2.5,-1.5,0,9002
8500,2.5,-1,0,8526
8500,2.5,-0.5,0,8050
8500,2.5,0,0,10430
8500,2.5,0.2,0,10906
8500,2.5,0.5,0,11382
8500,3,-2.5,0,9955
8500,3,-2,0,9479
8500,3,-1.5,0,9003
8500,3,-1,0,8527
8500,3,-0.5,0,8051
8500,3,0,0,10431
8500,3,0.2,0,10907
8500,3,0.5,0,11383
8500,3.5,-2.5,0,9956
8500,3.5,-2,0,9480
8500,3.5,-1.5,0,9004
8500,3.5,-1,0,8528
8500,3.5,-0.5,0,8052
8500,3.5,0,0,10432
8500,3.5,0.2,0,10908
8500,3.5,0.5,0,11384
8500,4,-2.5,0,9957
8500,4,-2,0,9481
8500,4,-1.5,0,9005
8500,4,-1,0,8529
8500,4,-0.5,0,8053
8500,4,0,0,10433
8500,4,0.2,0,10909
8500,4,0.5,0,11385
8500,4.5,-2.5,0,9958
8500,4.5,-2,0,9482
8500,4.5,-1.5,0,9006
8500,4.5,-1,0,8530
8500,4.5,-0.5,0,8054
8500,4.5,0,0,10434
8500,4.5,0.2,0,10910
8500,4.5,0.5,0,11386
8500,5,-2.5,0,9959
8500,5,-2,0,9483
8500,5,-1.5,0,9007
8500,5,-1,0,8531
8500,5,-0.5,0,8055
8500,5,0,0,10435
8500,5,0.2,0,10911
8500,5,0.5,0,11387
8750,1.5,-2.5,0,9960
8750,1.5,-2,0,9484
8750,1.5,-1.5,0,9008
8750,1.5,-1,0,8532
8750,1.5,-0.5,0,8056
8750,1.5,0,0,10436
8750,1.5,0.2,0,10912
8750,1.5,0.5,0,11388
8750,2,-2.5,0,9961
8750,2,-2,0,9485
8750,2,-1.5,0,9009
8750,2,-1,0,8533
8750,2,-0.5,0,8057
8750,2,0,0,10437
8750,2,0.2,0,10913
8750,2,0.5,0,11389
8750,2.5,-2.5,0,9962
8750,2.5,-2,0,9486
8750,2.5,-1.5,0,9010
8750,2.5,-1,0,8534
8750,2.5,-0.5,0,8058
8750,2.5,0,0,10438
8750,2.5,0.2,0,10914
8750,2.5,0.5,0,11390
8750,3,-2.5,0,9963
8750,3,-2,0,9487
8750,3,-1.5,0,9011
8750,3,-1,0,8535
8750,3,-0.5,0,8059
8750,3,0,0,10439
8750,3,0.2,0,10915
8750,3,0.5,0,11391
8750,3.5,-2.5,0,9964
8750,3.5,-2,0,9488
8750,3.5,-1.5,0,9012
8750,3.5,-1,0,8536
8750,3.5,-0.5,0,8060
8750,3.5,0,0,10440
8750,3.5,0.2,0,10916
8750,3.5,0.5,0,11392
8750,4,-2.5,0,9965
8750,4,-2,0,9489
8750,4,-1.5,0,9013
8750,4,-1,0,8537
8750,4,-0.5,0,8061
8750,4,0,0,10441
8750,4,0.2,0,10917
8750,4,0.5,0,11393
8750,4.5,-2.5,0,9966
8750,4.5,-2,0,9490
8750,4.5,-1.5,0,9014
8750,4.5,-1,0,8538
8750,4.5,-0.5,0,8062
8750,4.5,0,0,10442
8750,4.5,0.2,0,10918
8750,4.5,0.5,0,11394
8750,5,-2.5,0,9967
8750,5,-2,0,9491
8750,5,-1.5,0,9015
8750,5,-1,0,8539
8750,5,-0.5,0,8063
8750,5,0,0,10443
8750,5,0.2,0,10919
8750,5,0.5,0,11395
9000,1.5,-2.5,0,9968
9000,1.5,-2,0,9492
9000,1.5,-1.5,0,9016
9000,1.5,-1,0,8540
9000,1.5,-0.5,0,8064
9000,1.5,0,0,10444
9000,1.5,0.2,0,10920
9000,1.5,0.5,0,11396
9000,2,-2.5,0,9969
9000,2,-2,0,9493
9000,2,-1.5,0,9017
9000,2,-1,0,8541
9000,2,-0.5,0,8065
9000,2,0,0,10445
9000,2,0.2,0,10921
9000,2,0.5,0,11397
9000,2.5,-2.5,0,9970
9000,2.5,-2,0,9494
9000,2.5,-1.5,0,9018
9000,2.5,-1,0,8542
9000,2.5,-0.5,0,8066
9000,2.5,0,0,10446
9000,2.5,0.2,0,10922
9000,2.5,0.5,0,11398
9000,3,-2.5,0,9971
9000,3,-2,0,9495
9000,3,-1.5,0,9019
9000,3,-1,0,8543
9000,3,-0.5,0,8067
9000,3,0,0,10447
9000,3,0.2,0,10923
9000,3,0.5,0,11399
9000,3.5,-2.5,0,9972
9000,3.5,-2,0,9496
9000,3.5,-1.5,0,9020
9000,3.5,-1,0,8544
9000,3.5,-0.5,0,8068
9000,3.5,0,0,10448
9000,3.5,0.2,0,10924
9000,3.5,0.5,0,11400
9000,4,-2.5,0,9973
9000,4,-2,0,9497
9000,4,-1.5,0,9021
9000,4,-1,0,8545
9000,4,-0.5,0,8069
9000,4,0,0,10449
9000,4,0.2,0,10925
9000,4,0.5,0,11401
9000,4.5,-2.5,0,9974
9000,4.5,-2,0,9498
9000,4.5,-1.5,0,9022
9000,4.5,-1,0,8546
9000,4.5,-0.5,0,8070
9000,4.5,0,0,10450
9000,4.5,0.2,0,10926
9000,4.5,0.5,0,11402
9000,5,-2.5,0,9975
9000,5,-2,0,9499
9000,5,-1.5,0,9023
9000,5,-1,0,8547
9000,5,-0.5,0,8071
9000,5,0,0,10451
9000,5,0.2,0,10927
9000,5,0.5,0,11403
9250,2,-2.5,0,9976
9250,2,-2,0,9500
9250,2,-1.5,0,9024
9250,2,-1,0,8548
9250,2,-0.5,0,8072
9250,2,0,0,10452
9250,2,0.2,0,10928
9250,2,0.5,0,11404
9250,2.5,-2.5,0,9977
9250,2.5,-2,0,9501
9250,2.5,-1.5,0,9025
9250,2.5,-1,0,8549
9250,2.5,-0.5,0,8073
9250,2.5,0,0,10453
9250,2.5,0.2,0,10929
9250,2.5,0.5,0,11405
9250,3,-2.5,0,9978
9250,3,-2,0,9502
9250,3,-1.5,0,9026
9250,3,-1,0,8550
9250,3,-0.5,0,8074
9250,3,0,0,10454
9250,3,0.2,0,10930
9250,3,0.5,0,11406
9250,3.5,-2.5,0,9979
9250,3.5,-2,0,9503
9250,3.5,-1.5,0,9027
9250,3.5,-1,0,8551
9250,3.5,-0.5,0,8075
9250,3.5,0,0,10455
9250,3.5,0.2,0,10931
9250,3.5,0.5,0,11407
9250,4,-2.5,0,9980
9250,4,-2,0,9504
9250,4,-1.5,0,9028
9250,4,-1,0,8552
9250,4,-0.5,0,8076
9250,4,0,0,10456
9250,4,0.2,0,10932
9250,4,0.5,0,11408
9250,4.5,-2.5,0,9981
9250,4.5,-2,0,9505
9250,4.5,-1.5,0,9029
9250,4.5,-1,0,8553
9250,4.5,-0.5,0,8077
9250,4.5,0,0,10457
9250,4.5,0.2,0,10933
9250,4.5,0.5,0,11409
9250,5,-2.5,0,9982
9250,5,-2,0,9506
9250,5,-1.5,0,9030
9250,5,-1,0,8554
9250,5,-0.5,0,8078
9250,5,0,0,10458
9250,5,0.2,0,10934
9250,5,0.5,0,11410
9500,2,-2.5,0,9983
9500,2,-2,0,9507
9500,2,-1.5,0,9031
9500,2,-1,0,8555
9500,2,-0.5,0,8079
9500,2,0,0,10459
9500,2,0.2,0,10935
9500,2,0.5,0,11411
9500,2.5,-2.5,0,9984
9500,2.5,-2,0,9508
9500,2.5,-1.5,0,9032
9500,2.5,-1,0,8556
9500,2.5,-0.5,0,8080
9500,2.5,0,0,10460
9500,2.5,0.2,0,10936
9500,2.5,0.5,0,11412
9500,3,-2.5,0,9985
9500,3,-2,0,9509
9500,3,-1.5,0,9033
9500,3,-1,0,8557
9500,3,-0.5,0,8081
9500,3,0,0,10461
9500,3,0.2,0,10937
9500,3,0.5,0,11413
9500,3.5,-2.5,0,9986
9500,3.5,-2,0,9510
9500,3.5,-1.5,0,9034
9500,3.5,-1,0,8558
9500,3.5,-0.5,0,8082
9500,3.5,0,0,10462
9500,3.5,0.2,0,10938
9500,3.5,0.5,0,11414
9500,4,-2.5,0,9987
9500,4,-2,0,9511
9500,4,-1.5,0,9035
9500,4,-1,0,8559
9500,4,-0.5,0,8083
9500,4,0,0,10463
9500,4,0.2,0,10939
9500,4,0.5,0,11415
9500,4.5,-2.5,0,9988
9500,4.5,-2,0,9512
9500,4.5,-1.5,0,9036
9500,4.5,-1,0,8560
9500,4.5,-0.5,0,8084
9500,4.5,0,0,10464
9500,4.5,0.2,0,10940
9500,4.5,0.5,0,11416
9500,5,-2.5,0,9989
9500,5,-2,0,9513
9500,5,-1.5,0,9037
9500,5,-1,0,8561
9500,5,-0.5,0,8085
9500,5,0,0,10465
9500,5,0.2,0,10941
9500,5,0.5,0,11417
9750,2,-2.5,0,9990
9750,2,-2,0,9514
9750,2,-1.5,0,9038
9750,2,-1,0,8562
9750,2,-0.5,0,8086
9750,2,0,0,10466
9750,2,0.2,0,10942
9750,2,0.5,0,11418
9750,2.5,-2.5,0,9991
9750,2.5,-2,0,9515
9750,2.5,-1.5,0,9039
9750,2.5,-1,0,8563
9750,2.5,-0.5,0,8087
9750,2.5,0,0,10467
9750,2.5,0.2,0,10943
9750,2.5,0.5,0,11419
9750,3,-2.5,0,9992
9750,3,-2,0,9516
9750,3,-1.5,0,9040
9750,3,-1,0,8564
9750,3,-0.5,0,8088
9750,3,0,0,10468
9750,3,0.2,0,10944
9750,3,0.5,0,11420
9750,3.5,-2.5,0,9993
9750,3.5,-2,0,9517
9750,3.5,-1.5,0,9041
9750,3.5,-1,0,8565
9750,3.5,-0.5,0,8089
9750,3.5,0,0,10469
9750,3.5,0.2,0,10945
9750,3.5,0.5,0,11421
9750,4,-2.5,0,9994
9750,4,-2,0,9518
9750,4,-1.5,0,9042
9750,4,-1,0,8566
9750,4,-0.5,0,8090
9750,4,0,0,10470
9750,4,0.2,0,10946
9750,4,0.5,0,11422
9750,4.5,-2.5,0,9995
9750,4.5,-2,0,9519
9750,4.5,-1.5,0,9043
9750,4.5,-1,0,8567
9750,4.5,-0.5,0,8091
9750,4.5,0,0,10471
9750,4.5,0.2,0,10947
9750,4.5,0.5,0,11423
9750,5,-2.5,0,9996
9750,5,-2,0,9520
9750,5,-1.5,0,9044
9750,5,-1,0,8568
9750,5,-0.5,0,8092
9750,5,0,0,10472
9750,5,0.2,0,10948
9750,5,0.5,0,11424
10000,2,-2.5,0,9521
10000,2,-2,0,9045
10000,2,-1.5,0,8569
10000,2,-1,0,8093
10000,2,-0.5,0,7617
10000,2,0,0,9997
10000,2,0.2,0,10473
10000,2,0.5,0,10949
10000,2.5,-2.5,0,9522
10000,2.5,-2,0,9046
10000,2.5,-1.5,0,8570
10000,2.5,-1,0,8094
10000,2.5,-0.5,0,7618
10000,2.5,0,0,9998
10000,2.5,0.2,0,10474
10000,2.5,0.5,0,10950
10000,3,-2.5,0,9523
10000,3,-2,0,9047
10000,3,-1.5,0,8571
10000,3,-1,0,8095
10000,3,-0.5,0,7619
10000,3,0,0,9999
10000,3,0.2,0,10475
10000,3,0.5,0,10951
10000,3.5,-2.5,0,9524
10000,3.5,-2,0,9048
10000,3.5,-1.5,0,8572
10000,3.5,-1,0,8096
10000,3.5,-0.5,0,7620
10000,3.5,0,0,10000
10000,3.5,0.2,0,10476
10000,3.5,0.5,0,10952
10000,4,-2.5,0,9525
10000,4,-2,0,9049
10000,4,-1.5,0,8573
10000,4,-1,0,8097
10000,4,-0.5,0,7621
10000,4,0,0,10001
10000,4,0.2,0,10477
10000,4,0.5,0,10953
10000,4.5,-2.5,0,9526
10000,4.5,-2,0,9050
10000,4.5,-1.5,0,8574
10000,4.5,-1,0,8098
10000,4.5,-0.5,0,7622
10000,4.5,0,0,10002
10000,4.5,0.2,0,10478
10000,4.5,0.5,0,10954
10000,5,-2.5,0,9527
10000,5,-2,0,9051
10000,5,-1.5,0,8575
10000,5,-1,0,8099
10000,5,-0.5,0,7623
10000,5,0,0,10003
10000,5,0.2,0,10479
10000,5,0.5,0,10955
10250,2,-2.5,0,9528
10250,2,-2,0,9052
10250,2,-1.5,0,8576
10250,2,-1,0,8100
10250,2,-0.5,0,7624
10250,2,0,0,10004
10250,2,0.2,0,10480
10250,2,0.5,0,10956
10250,2.5,-2.5,0,9529
10250,2.5,-2,0,9053
10250,2.5,-1.5,0,8577
10250,2.5,-1,0,8101
10250,2.5,-0.5,0,7625
10250,2.5,0,0,10005
10250,2.5,0.2,0,10481
10250,2.5,0.5,0,10957
10250,3,-2.5,0,9530
10250,3,-2,0,9054
10250,3,-1.5,0,8578
10250,3,-1,0,8102
10250,3,-0.5,0,7626
10250,3,0,0,10006
10250,3,0.2,0,10482
10250,3,0.5,0,10958
10250,3.5,-2.5,0,9531
10250,3.5,-2,0,9055
10250,3.5,-1.5,0,8579
10250,3.5,-1,0,8103
10250,3.5,-0.5,0,7627
10250,3.5,0,0,10007
10250,3.5,0.2,0,10483
10250,3.5,0.5,0,10959
10250,4,-2.5,0,9532
10250,4,-2,0,9056
10250,4,-1.5,0,8580
10250,4,-1,0,8104
10250,4,-0.5,0,7628
10250,4,0,0,10008
10250,4,0.2,0,10484
10250,4,0.5,0,10960
10250,4.5,-2.5,0,9533
10250,4.5,-2,0,9057
10250,4.5,-1.5,0,8581
10250,4.5,-1,0,8105
10250,4.5,-0.5,0,7629
10250,4.5,0,0,10009
10250,4.5,0.2,0,10485
10250,4.5,0.5,0,10961
10250,5,-2.5,0,9534
10250,5,-2,0,9058
10250,5,-1.5,0,8582
10250,5,-1,0,8106
10250,5,-0.5,0,7630
10250,5,0,0,10010
10250,5,0.2,0,10486
10250,5,0.5,0,10962
10500,2,-2.5,0,9535
10500,2,-2,0,9059
10500,2,-1.5,0,8583
10500,2,-1,0,8107
10500,2,-0.5,0,7631
10500,2,0,0,10011
10500,2,0.2,0,10487
10500,2,0.5,0,10963
10500,2.5,-2.5,0,9536
10500,2.5,-2,0,9060
10500,2.5,-1.5,0,8584
10500,2.5,-1,0,8108
10500,2.5,-0.5,0,7632
10500,2.5,0,0,10012
10500,2.5,0.2,0,10488
10500,2.5,0.5,0,10964
10500,3,-2.5,0,9537
10500,3,-2,0,9061
10500,3,-1.5,0,8585
10500,3,-1,0,8109
10500,3,-0.5,0,7633
10500,3,0,0,10013
10500,3,0.2,0,10489
10500,3,0.5,0,10965
10500,3.5,-2.5,0,9538
10500,3.5,-2,0,9062
10500,3.5,-1.5,0,8586
10500,3.5,-1,0,8110
10500,3.5,-0.5,0,7634
10500,3.5,0,0,10014
10500,3.5,0.2,0,10490
10500,3.5,0.5,0,10966
10500,4,-2.5,0,9539
10500,4,-2,0,9063
10500,4,-1.5,0,8587
10500,4,-1,0,8111
10500,4,-0.5,0,7635
10500,4,0,0,10015
10500,4,0.2,0,10491
10500,4,0.5,0,10967
10500,4.5,-2.5,0,9540
10500,4.5,-2,0,9064
10500,4.5,-1.5,0,8588
10500,4.5,-1,0,8112
10500,4.5,-0.5,0,7636
10500,4.5,0,0,10016
10500,4.5,0.2,0,10492
10500,4.5,0.5,0,10968
10500,5,-2.5,0,9541
10500,5,-2,0,9065
10500,5,-1.5,0,8589
10500,5,-1,0,8113
10500,5,-0.5,0,7637
10500,5,0,0,10017
10500,5,0.2,0,10493
10500,5,0.5,0,10969
10750,2,-2.5,0,9542
10750,2,-2,0,9066
10750,2,-1.5,0,8590
10750,2,-1,0,8114
10750,2,-0.5,0,7638
10750,2,0,0,10018
10750,2,0.2,0,10494
10750,2,0.5,0,10970
10750,2.5,-2.5,0,9543
10750,2.5,-2,0,9067
10750,2.5,-1.5,0,8591
10750,2.5,-1,0,8115
10750,2.5,-0.5,0,7639
10750,2.5,0,0,10019
10750,2.5,0.2,0,10495
10750,2.5,0.5,0,10971
10750,3,-2.5,0,9544
10750,3,-2,0,9068
10750,3,-1.5,0,8592
10750,3,-1,0,8116
10750,3,-0.5,0,7640
10750,3,0,0,10020
10750,3,0.2,0,10496
10750,3,0.5,0,10972
10750,3.5,-2.5,0,9545
10750,3.5,-2,0,9069
10750,3.5,-1.5,0,8593
10750,3.5,-1,0,8117
10750,3.5,-0.5,0,7641
10750,3.5,0,0,10021
10750,3.5,0.2,0,10497
10750,3.5,0.5,0,10973
10750,4,-2.5,0,9546
10750,4,-2,0,9070
10750,4,-1.5,0,8594
10750,4,-1,0,8118
10750,4,-0.5,0,7642
10750,4,0,0,10022
10750,4,0.2,0,10498
10750,4,0.5,0,10974
10750,4.5,-2.5,0,9547
10750,4.5,-2,0,9071
10750,4.5,-1.5,0,8595
10750,4.5,-1,0,8119
10750,4.5,-0.5,0,7643
10750,4.5,0,0,10023
10750,4.5,0.2,0,10499
10750,4.5,0.5,0,10975
10750,5,-2.5,0,9548
10750,5,-2,0,9072
10750,5,-1.5,0,8596
10750,5,-1,0,8120
10750,5,-0.5,0,7644
10750,5,0,0,10024
10750,5,0.2,0,10500
10750,5,0.5,0,10976
11000,2,-2.5,0,9549
11000,2,-2,0,9073
11000,2,-1.5,0,8597
11000,2,-1,0,8121
11000,2,-0.5,0,7645
11000,2,0,0,10025
11000,2,0.2,0,10501
11000,2,0.5,0,10977
11000,2.5,-2.5,0,9550
11000,2.5,-2,0,9074
11000,2.5,-1.5,0,8598
11000,2.5,-1,0,8122
11000,2.5,-0.5,0,7646
11000,2.5,0,0,10026
11000,2.5,0.2,0,10502
11000,2.5,0.5,0,10978
11000,3,-2.5,0,9551
11000,3,-2,0,9075
11000,3,-1.5,0,8599
11000,3,-1,0,8123
11000,3,-0.5,0,7647
11000,3,0,0,10027
11000,3,0.2,0,10503
11000,3,0.5,0,10979
11000,3.5,-2.5,0,9552
11000,3.5,-2,0,9076
11000,3.5,-1.5,0,8600
11000,3.5,-1,0,8124
11000,3.5,-0.5,0,7648
11000,3.5,0,0,10028
11000,3.5,0.2,0,10504
11000,3.5,0.5,0,10980
11000,4,-2.5,0,9553
11000,4,-2,0,9077
11000,4,-1.5,0,8601
11000,4,-1,0,8125
11000,4,-0.5,0,7649
11000,4,0,0,10029
11000,4,0.2,0,10505
11000,4,0.5,0,10981
11000,4.5,-2.5,0,9554
11000,4.5,-2,0,9078
11000,4.5,-1.5,0,8602
11000,4.5,-1,0,8126
11000,4.5,-0.5,0,7650
11000,4.5,0,0,10030
11000,4.5,0.2,0,10506
11000,4.5,0.5,0,10982
11000,5,-2.5,0,9555
11000,5,-2,0,9079
11000,5,-1.5,0,8603
11000,5,-1,0,8127
11000,5,-0.5,0,7651
11000,5,0,0,10031
11000,5,0.2,0,10507
11000,5,0.5,0,10983
11250,2,-2.5,0,9556
11250,2,-2,0,9080
11250,2,-1.5,0,8604
11250,2,-1,0,8128
11250,2,-0.5,0,7652
11250,2,0,0,10032
11250,2,0.2,0,10508
11250,2,0.5,0,10984
11250,2.5,-2.5,0,9557
11250,2.5,-2,0,9081
11250,2.5,-1.5,0,8605
11250,2.5,-1,0,8129
11250,2.5,-0.5,0,7653
11250,2.5,0,0,10033
11250,2.5,0.2,0,10509
11250,2.5,0.5,0,10985
11250,3,-2.5,0,9558
11250,3,-2,0,9082
11250,3,-1.5,0,8606
11250,3,-1,0,8130
11250,3,-0.5,0,7654
11250,3,0,0,10034
11250,3,0.2,0,10510
11250,3,0.5,0,10986
11250,3.5,-2.5,0,9559
11250,3.5,-2,0,9083
11250,3.5,-1.5,0,8607
11250,3.5,-1,0,8131
11250,3.5,-0.5,0,7655
11250,3.5,0,0,10035
11250,3.5,0.2,0,10511
11250,3.5,0.5,0,10987
11250,4,-2.5,0,9560
11250,4,-2,0,9084
11250,4,-1.5,0,8608
11250,4,-1,0,8132
11250,4,-0.5,0,7656
11250,4,0,0,10036
11250,4,0.2,0,10512
11250,4,0.5,0,10988
11250,4.5,-2.5,0,9561
11250,4.5,-2,0,9085
11250,4.5,-1.5,0,8609
11250,4.5,-1,0,8133
11250,4.5,-0.5,0,7657
11250,4.5,0,0,10037
11250,4.5,0.2,0,10513
11250,4.5,0.5,0,10989
11250,5,-2.5,0,9562
11250,5,-2,0,9086
11250,5,-1.5,0,8610
11250,5,-1,0,8134
11250,5,-0.5,0,7658
11250,5,0,0,10038
11250,5,0.2,0,10514
11250,5,0.5,0,10990
11500,2,-2.5,0,9563
11500,2,-2,0,9087
11500,2,-1.5,0,8611
11500,2,-1,0,8135
11500,2,-0.5,0,7659
11500,2,0,0,10039
11500,2,0.2,0,10515
11500,2,0.5,0,10991
11500,2.5,-2.5,0,9564
11500,2.5,-2,0,9088
11500,2.5,-1.5,0,8612
11500,2.5,-1,0,8136
11500,2.5,-0.5,0,7660
11500,2.5,0,0,10040
11500,2.5,0.2,0,10516
11500,2.5,0.5,0,10992
11500,3,-2.5,0,9565
11500,3,-2,0,9089
11500,3,-1.5,0,8613
11500,3,-1,0,8137
11500,3,-0.5,0,7661
11500,3,0,0,10041
11500,3,0.2,0,10517
11500,3,0.5,0,10993
11500,3.5,-2.5,0,9566
11500,3.5,-2,0,9090
11500,3.5,-1.5,0,8614
11500,3.5,-1,0,8138
11500,3.5,-0.5,0,7662
11500,3.5,0,0,10042
11500,3.5,0.2,0,10518
11500,3.5,0.5,0,10994
11500,4,-2.5,0,9567
11500,4,-2,0,9091
11500,4,-1.5,0,8615
11500,4,-1,0,8139
11500,4,-0.5,0,7663
11500,4,0,0,10043
11500,4,0.2,0,10519
11500,4,0.5,0,10995
11500,4.5,-2.5,0,9568
11500,4.5,-2,0,9092
11500,4.5,-1.5,0,8616
11500,4.5,-1,0,8140
11500,4.5,-0.5,0,7664
11500,4.5,0,0,10044
11500,4.5,0.2,0,10520
11500,4.5,0.5,0,10996
11500,5,-2.5,0,9569
11500,5,-2,0,9093
11500,5,-1.5,0,8617
11500,5,-1,0,8141
11500,5,-0.5,0,7665
11500,5,0,0,10045
11500,5,0.2,0,10521
11500,5,0.5,0,10997
11750,2,-2.5,0,9570
11750,2,-2,0,9094
11750,2,-1.5,0,8618
11750,2,-1,0,8142
11750,2,-0.5,0,7666
11750,2,0,0,10046
11750,2,0.2,0,10522
11750,2,0.5,0,10998
11750,2.5,-2.5,0,9571
11750,2.5,-2,0,9095
11750,2.5,-1.5,0,8619
11750,2.5,-1,0,8143
11750,2.5,-0.5,0,7667
11750,2.5,0,0,10047
11750,2.5,0.2,0,10523
11750,2.5,0.5,0,10999
11750,3,-2.5,0,9572
11750,3,-2,0,9096
11750,3,-1.5,0,8620
11750,3,-1,0,8144
11750,3,-0.5,0,7668
11750,3,0,0,10048
11750,3,0.2,0,10524
11750,3,0.5,0,11000
11750,3.5,-2.5,0,9573
11750,3.5,-2,0,9097
11750,3.5,-1.5,0,8621
11750,3.5,-1,0,8145
11750,3.5,-0.5,0,7669
11750,3.5,0,0,10049
11750,3.5,0.2,0,10525
11750,3.5,0.5,0,11001
11750,4,-2.5,0,9574
11750,4,-2,0,9098
11750,4,-1.5,0,8622
11750,4,-1,0,8146
11750,4,-0.5,0,7670
11750,4,0,0,10050
11750,4,0.2,0,10526
11750,4,0.5,0,11002
11750,4.5,-2.5,0,9575
11750,4.5,-2,0,9099
11750,4.5,-1.5,0,8623
11750,4.5,-1,0,8147
11750,4.5,-0.5,0,7671
11750,4.5,0,0,10051
11750,4.5,0.2,0,10527
11750,4.5,0.5,0,11003
11750,5,-2.5,0,9576
11750,5,-2,0,9100
11750,5,-1.5,0,8624
11750,5,-1,0,8148
11750,5,-0.5,0,7672
11750,5,0,0,10052
11750,5,0.2,0,10528
11750,5,0.5,0,11004
12000,2.5,-2.5,0,9577
12000,2.5,-2,0,9101
12000,2.5,-1.5,0,8625
12000,2.5,-1,0,8149
12000,2.5,-0.5,0,7673
12000,2.5,0,0,10053
12000,2.5,0.2,0,10529
12000,2.5,0.5,0,11005
12000,3,-2.5,0,9578
12000,3,-2,0,9102
12000,3,-1.5,0,8626
12000,3,-1,0,8150
12000,3,-0.5,0,7674
12000,3,0,0,10054
12000,3,0.2,0,10530
12000,3,0.5,0,11006
12000,3.5,-2.5,0,9579
12000,3.5,-2,0,9103
12000,3.5,-1.5,0,8627
12000,3.5,-1,0,8151
12000,3.5,-0.5,0,7675
12000,3.5,0,0,10055
12000,3.5,0.2,0,10531
12000,3.5,0.5,0,11007
12000,4,-2.5,0,9580
12000,4,-2,0,9104
12000,4,-1.5,0,8628
12000,4,-1,0,8152
12000,4,-0.5,0,7676
12000,4,0,0,10056
12000,4,0.2,0,10532
12000,4,0.5,0,11008
12000,4.5,-2.5,0,9581
12000,4.5,-2,0,9105
12000,4.5,-1.5,0,8629
12000,4.5,-1,0,8153
12000,4.5,-0.5,0,7677
12000,4.5,0,0,10057
12000,4.5,0.2,0,10533
12000,4.5,0.5,0,11009
12000,5,-2.5,0,9582
12000,5,-2,0,9106
12000,5,-1.5,0,8630
12000,5,-1,0,8154
12000,5,-0.5,0,7678
12000,5,0,0,10058
12000,5,0.2,0,10534
12000,5,0.5,0,11010
12250,2.5,-2.5,0,9583
12250,2.5,-2,0,9107
12250,2.5,-1.5,0,8631
12250,2.5,-1,0,8155
12250,2.5,-0.5,0,7679
12250,2.5,0,0,10059
12250,2.5,0.2,0,10535
12250,2.5,0.5,0,11011
12250,3,-2.5,0,9584
12250,3,-2,0,9108
12250,3,-1.5,0,8632
12250,3,-1,0,8156
12250,3,-0.5,0,7680
12250,3,0,0,10060
12250,3,0.2,0,10536
12250,3,0.5,0,11012
12250,3.5,-2.5,0,9585
12250,3.5,-2,0,9109
12250,3.5,-1.5,0,8633
12250,3.5,-1,0,8157
12250,3.5,-0.5,0,7681
12250,3.5,0,0,10061
12250,3.5,0.2,0,10537
12250,3.5,0.5,0,11013
12250,4,-2.5,0,9586
12250,4,-2,0,9110
12250,4,-1.5,0,8634
12250,4,-1,0,8158
12250,4,-0.5,0,7682
12250,4,0,0,10062
12250,4,0.2,0,10538
12250,4,0.5,0,11014
12250,4.5,-2.5,0,9587
12250,4.5,-2,0,9111
12250,4.5,-1.5,0,8635
12250,4.5,-1,0,8159
12250,4.5,-0.5,0,7683
12250,4.5,0,0,10063
12250,4.5,0.2,0,10539
12250,4.5,0.5,0,11015
12250,5,-2.5,0,9588
12250,5,-2,0,9112
12250,5,-1.5,0,8636
12250,5,-1,0,8160
12250,5,-0.5,0,7684
12250,5,0,0,10064
12250,5,0.2,0,10540
12250,5,0.5,0,11016
12500,2.5,-2.5,0,9589
12500,2.5,-2,0,9113
12500,2.5,-1.5,0,8637
12500,2.5,-1,0,8161
12500,2.5,-0.5,0,7685
12500,2.5,0,0,10065
12500,2.5,0.2,0,10541
12500,2.5,0.5,0,11017
12500,3,-2.5,0,9590
12500,3,-2,0,9114
12500,3,-1.5,0,8638
12500,3,-1,0,8162
12500,3,-0.5,0,7686
12500,3,0,0,10066
12500,3,0.2,0,10542
12500,3,0.5,0,11018
12500,3.5,-2.5,0,9591
12500,3.5,-2,0,9115
12500,3.5,-1.5,0,8639
12500,3.5,-1,0,8163
12500,3.5,-0.5,0,7687
12500,3.5,0,0,10067
12500,3.5,0.2,0,10543
12500,3.5,0.5,0,11019
12500,4,-2.5,0,9592
12500,4,-2,0,9116
12500,4,-1.5,0,8640
12500,4,-1,0,8164
12500,4,-0.5,0,7688
12500,4,0,0,10068
12500,4,0.2,0,10544
12500,4,0.5,0,11020
12500,4.5,-2.5,0,9593
12500,4.5,-2,0,9117
12500,4.5,-1.5,0,8641
12500,4.5,-1,0,8165
12500,4.5,-0.5,0,7689
12500,4.5,0,0,10069
12500,4.5,0.2,0,10545
12500,4.5,0.5,0,11021
12500,5,-2.5,0,9594
12500,5,-2,0,9118
12500,5,-1.5,0,8642
12500,5,-1,0,8166
12500,5,-0.5,0,7690
12500,5,0,0,10070
12500,5,0.2,0,10546
12500,5,0.5,0,11022
12750,2.5,-2.5,0,9595
12750,2.5,-2,0,9119
12750,2.5,-1.5,0,8643
12750,2.5,-1,0,8167
12750,2.5,-0.5,0,7691
12750,2.5,0,0,10071
12750,2.5,0.2,0,10547
12750,2.5,0.5,0,11023
12750,3,-2.5,0,9596
12750,3,-2,0,9120
12750,3,-1.5,0,8644
12750,3,-1,0,8168
12750,3,-0.5,0,7692
12750,3,0,0,10072
12750,3,0.2,0,10548
12750,3,0.5,0,11024
12750,3.5,-2.5,0,9597
12750,3.5,-2,0,9121
12750,3.5,-1.5,0,8645
12750,3.5,-1,0,8169
12750,3.5,-0.5,0,7693
12750,3.5,0,0,10073
12750,3.5,0.2,0,10549
12750,3.5,0.5,0,11025
12750,4,-2.5,0,9598
12750,4,-2,0,9122
12750,4,-1.5,0,8646
12750,4,-1,0,8170
12750,4,-0.5,0,7694
12750,4,0,0,10074
12750,4,0.2,0,10550
12750,4,0.5,0,11026
12750,4.5,-2.5,0,9599
12750,4.5,-2,0,9123
12750,4.5,-1.5,0,8647
12750,4.5,-1,0,8171
12750,4.5,-0.5,0,7695
12750,4.5,0,0,10075
12750,4.5,0.2,0,10551
12750,4.5,0.5,0,11027
12750,5,-2.5,0,9600
12750,5,-2,0,9124
12750,5,-1.5,0,8648
12750,5,-1,0,8172
12750,5,-0.5,0,7696
12750,5,0,0,10076
12750,5,0.2,0,10552
12750,5,0.5,0,11028
13000,2.5,-2.5,0,9601
13000,2.5,-2,0,9125
13000,2.5,-1.5,0,8649
13000,2.5,-1,0,8173
13000,2.5,-0.5,0,7697
13000,2.5,0,0,10077
13000,2.5,0.2,0,10553
13000,2.5,0.5,0,11029
13000,3,-2.5,0,9602
13000,3,-2,0,9126
13000,3,-1.5,0,8650
13000,3,-1,0,8174
13000,3,-0.5,0,7698
13000,3,0,0,10078
13000,3,0.2,0,10554
13000,3,0.5,0,11030
13000,3.5,-2.5,0,9603
13000,3.5,-2,0,9127
13000,3.5,-1.5,0,8651
13000,3.5,-1,0,8175
13000,3.5,-0.5,0,7699
13000,3.5,0,0,10079
13000,3.5,0.2,0,10555
13000,3.5,0.5,0,11031
13000,4,-2.5,0,9604
13000,4,-2,0,9128
13000,4,-1.5,0,8652
13000,4,-1,0,8176
13000,4,-0.5,0,7700
13000,4,0,0,10080
13000,4,0.2,0,10556
13000,4,0.5,0,11032
13000,4.5,-2.5,0,9605
13000,4.5,-2,0,9129
13000,4.5,-1.5,0,8653
13000,4.5,-1,0,8177
13000,4.5,-0.5,0,7701
13000,4.5,0,0,10081
13000,4.5,0.2,0,10557
13000,4.5,0.5,0,11033
13000,5,-2.5,0,9606
13000,5,-2,0,9130
13000,5,-1.5,0,8654
13000,5,-1,0,8178
13000,5,-0.5,0,7702
13000,5,0,0,10082
13000,5,0.2,0,10558
13000,5,0.5,0,11034
14000,2,-2.5,0,9607
14000,2,-2,0,9131
14000,2,-1.5,0,8655
14000,2,-1,0,8179
14000,2,-0.5,0,7703
14000,2,0,0,10083
14000,2,0.2,0,10559
14000,2,0.5,0,11035
14000,2.5,-2.5,0,9608
14000,2.5,-2,0,9132
14000,2.5,-1.5,0,8656
14000,2.5,-1,0,8180
14000,2.5,-0.5,0,7704
14000,2.5,0,0,10084
14000,2.5,0.2,0,10560
14000,2.5,0.5,0,11036
14000,3,-2.5,0,9609
14000,3,-2,0,9133
14000,3,-1.5,0,8657
14000,3,-1,0,8181
14000,3,-0.5,0,7705
14000,3,0,0,10085
14000,3,0.2,0,10561
14000,3,0.5,0,11037
14000,3.5,-2.5,0,9610
14000,3.5,-2,0,9134
14000,3.5,-1.5,0,8658
14000,3.5,-1,0,8182
14000,3.5,-0.5,0,7706
14000,3.5,0,0,10086
14000,3.5,0.2,0,10562
14000,3.5,0.5,0,11038
14000,4,-2.5,0,9611
14000,4,-2,0,9135
14000,4,-1.5,0,8659
14000,4,-1,0,8183
14000,4,-0.5,0,7707
14000,4,0,0,10087
14000,4,0.2,0,10563
14000,4,0.5,0,11039
14000,4.5,-2.5,0,9612
14000,4.5,-2,0,9136
14000,4.5,-1.5,0,8660
14000,4.5,-1,0,8184
14000,4.5,-0.5,0,7708
14000,4.5,0,0,10088
14000,4.5,0.2,0,10564
14000,4.5,0.5,0,11040
14000,5,-2.5,0,9613
14000,5,-2,0,9137
14000,5,-1.5,0,8661
14000,5,-1,0,8185
14000,5,-0.5,0,7709
14000,5,0,0,10089
14000,5,0.2,0,10565
14000,5,0.5,0,11041
15000,2.5,-2.5,0,9614
15000,2.5,-2,0,9138
15000,2.5,-1.5,0,8662
15000,2.5,-1,0,8186
15000,2.5,-0.5,0,7710
15000,2.5,0,0,10090
15000,2.5,0.2,0,10566
15000,2.5,0.5,0,11042
15000,3,-2.5,0,9615
15000,3,-2,0,9139
15000,3,-1.5,0,8663
15000,3,-1,0,8187
15000,3,-0.5,0,7711
15000,3,0,0,10091
15000,3,0.2,0,10567
15000,3,0.5,0,11043
15000,3.5,-2.5,0,9616
15000,3.5,-2,0,9140
15000,3.5,-1.5,0,8664
15000,3.5,-1,0,8188
15000,3.5,-0.5,0,7712
15000,3.5,0,0,10092
15000,3.5,0.2,0,10568
15000,3.5,0.5,0,11044
15000,4,-2.5,0,9617
15000,4,-2,0,9141
15000,4,-1.5,0,8665
15000,4,-1,0,8189
15000,4,-0.5,0,7713
15000,4,0,0,10093
15000,4,0.2,0,10569
15000,4,0.5,0,11045
15000,4.5,-2.5,0,9618
15000,4.5,-2,0,9142
15000,4.5,-1.5,0,8666
15000,4.5,-1,0,8190
15000,4.5,-0.5,0,7714
15000,4.5,0,0,10094
15000,4.5,0.2,0,10570
15000,4.5,0.5,0,11046
15000,5,-2.5,0,9619
15000,5,-2,0,9143
15000,5,-1.5,0,8667
15000,5,-1,0,8191
15000,5,-0.5,0,7715
15000,5,0,0,10095
15000,5,0.2,0,10571
15000,5,0.5,0,11047
16000,2.5,-2.5,0,9620
16000,2.5,-2,0,9144
16000,2.5,-1.5,0,8668
16000,2.5,-1,0,8192
16000,2.5,-0.5,0,7716
16000,2.5,0,0,10096
16000,2.5,0.2,0,10572
16000,2.5,0.5,0,11048
16000,3,-2.5,0,9621
16000,3,-2,0,9145
16000,3,-1.5,0,8669
16000,3,-1,0,8193
16000,3,-0.5,0,7717
16000,3,0,0,10097
16000,3,0.2,0,10573
16000,3,0.5,0,11049
16000,3.5,-2.5,0,9622
16000,3.5,-2,0,9146
16000,3.5,-1.5,0,8670
16000,3.5,-1,0,8194
16000,3.5,-0.5,0,7718
16000,3.5,0,0,10098
16000,3.5,0.2,0,10574
16000,3.5,0.5,0,11050
16000,4,-2.5,0,9623
16000,4,-2,0,9147
16000,4,-1.5,0,8671
16000,4,-1,0,8195
16000,4,-0.5,0,7719
16000,4,0,0,10099
16000,4,0.2,0,10575
16000,4,0.5,0,11051
16000,4.5,-2.5,0,9624
16000,4.5,-2,0,9148
16000,4.5,-1.5,0,8672
16000,4.5,-1,0,8196
16000,4.5,-0.5,0,7720
16000,4.5,0,0,10100
16000,4.5,0.2,0,10576
16000,4.5,0.5,0,11052
16000,5,-2.5,0,9625
16000,5,-2,0,9149
16000,5,-1.5,0,8673
16000,5,-1,0,8197
16000,5,-0.5,0,7721
16000,5,0,0,10101
16000,5,0.2,0,10577
16000,5,0.5,0,11053
17000,2.5,-2.5,0,9626
17000,2.5,-2,0,9150
17000,2.5,-1.5,0,8674
17000,2.5,-1,0,8198
17000,2.5,-0.5,0,7722
17000,2.5,0,0,10102
17000,2.5,0.2,0,10578
17000,2.5,0.5,0,11054
17000,3,-2.5,0,9627
17000,3,-2,0,9151
17000,3,-1.5,0,8675
17000,3,-1,0,8199
17000,3,-0.5,0,7723
17000,3,0,0,10103
17000,3,0.2,0,10579
17000,3,0.5,0,11055
17000,3.5,-2.5,0,9628
17000,3.5,-2,0,9152
17000,3.5,-1.5,0,8676
17000,3.5,-1,0,8200
17000,3.5,-0.5,0,7724
17000,3.5,0,0,10104
17000,3.5,0.2,0,10580
17000,3.5,0.5,0,11056
17000,4,-2.5,0,9629
17000,4,-2,0,9153
17000,4,-1.5,0,8677
17000,4,-1,0,8201
17000,4,-0.5,0,7725
17000,4,0,0,10105
17000,4,0.2,0,10581
17000,4,0.5,0,11057
17000,4.5,-2.5,0,9630
17000,4.5,-2,0,9154
17000,4.5,-1.5,0,8678
17000,4.5,-1,0,8202
17000,4.5,-0.5,0,7726
17000,4.5,0,0,10106
17000,4.5,0.2,0,10582
17000,4.5,0.5,0,11058
17000,5,-2.5,0,9631
17000,5,-2,0,9155
17000,5,-1.5,0,8679
17000,5,-1,0,8203
17000,5,-0.5,0,7727
17000,5,0,0,10107
17000,5,0.2,0,10583
17000,5,0.5,0,11059
18000,2.5,-2.5,0,9632
18000,2.5,-2,0,9156
18000,2.5,-1.5,0,8680
18000,2.5,-1,0,8204
18000,2.5,-0.5,0,7728
18000,2.5,0,0,10108
18000,2.5,0.2,0,10584
18000,2.5,0.5,0,11060
18000,3,-2.5,0,9633
18000,3,-2,0,9157
18000,3,-1.5,0,8681
18000,3,-1,0,8205
18000,3,-0.5,0,7729
18000,3,0,0,10109
18000,3,0.2,0,10585
18000,3,0.5,0,11061
18000,3.5,-2.5,0,9634
18000,3.5,-2,0,9158
18000,3.5,-1.5,0,8682
18000,3.5,-1,0,8206
18000,3.5,-0.5,0,7730
18000,3.5,0,0,10110
18000,3.5,0.2,0,10586
18000,3.5,0.5,0,11062
18000,4,-2.5,0,9635
18000,4,-2,0,9159
18000,4,-1.5,0,8683
18000,4,-1,0,8207
18000,4,-0.5,0,7731
18000,4,0,0,10111
18000,4,0.2,0,10587
18000,4,0.5,0,11063
18000,4.5,-2.5,0,9636
18000,4.5,-2,0,9160
18000,4.5,-1.5,0,8684
18000,4.5,-1,0,8208
18000,4.5,-0.5,0,7732
18000,4.5,0,0,10112
18000,4.5,0.2,0,10588
18000,4.5,0.5,0,11064
18000,5,-2.5,0,9637
18000,5,-2,0,9161
18000,5,-1.5,0,8685
18000,5,-1,0,8209
18000,5,-0.5,0,7733
18000,5,0,0,10113
18000,5,0.2,0,10589
18000,5,0.5,0,11065
19000,2.5,-2.5,0,9638
19000,2.5,-2,0,9162
19000,2.5,-1.5,0,8686
19000,2.5,-1,0,8210
19000,2.5,-0.5,0,7734
19000,2.5,0,0,10114
19000,2.5,0.2,0,10590
19000,2.5,0.5,0,11066
19000,3,-2.5,0,9639
19000,3,-2,0,9163
19000,3,-1.5,0,8687
19000,3,-1,0,8211
19000,3,-0.5,0,7735
19000,3,0,0,10115
19000,3,0.2,0,10591
19000,3,0.5,0,11067
19000,3.5,-2.5,0,9640
19000,3.5,-2,0,9164
19000,3.5,-1.5,0,8688
19000,3.5,-1,0,8212
19000,3.5,-0.5,0,7736
19000,3.5,0,0,10116
19000,3.5,0.2,0,10592
19000,3.5,0.5,0,11068
19000,4,-2.5,0,9641
19000,4,-2,0,9165
19000,4,-1.5,0,8689
19000,4,-1,0,8213
19000,4,-0.5,0,7737
19000,4,0,0,10117
19000,4,0.2,0,10593
19000,4,0.5,0,11069
19000,4.5,-2.5,0,9642
19000,4.5,-2,0,9166
19000,4.5,-1.5,0,8690
19000,4.5,-1,0,8214
19000,4.5,-0.5,0,7738
19000,4.5,0,0,10118
19000,4.5,0.2,0,10594
19000,4.5,0.5,0,11070
19000,5,-2.5,0,9643
19000,5,-2,0,9167
19000,5,-1.5,0,8691
19000,5,-1,0,8215
19000,5,-0.5,0,7739
19000,5,0,0,10119
19000,5,0.2,0,10595
19000,5,0.5,0,11071
20000,3,-2.5,0,9644
20000,3,-2,0,9168
20000,3,-1.5,0,8692
20000,3,-1,0,8216
20000,3,-0.5,0,7740
20000,3,0,0,10120
20000,3,0.2,0,10596
20000,3,0.5,0,11072
20000,3.5,-2.5,0,9645
20000,3.5,-2,0,9169
20000,3.5,-1.5,0,8693
20000,3.5,-1,0,8217
20000,3.5,-0.5,0,7741
20000,3.5,0,0,10121
20000,3.5,0.2,0,10597
20000,3.5,0.5,0,11073
20000,4,-2.5,0,9646
20000,4,-2,0,9170
20000,4,-1.5,0,8694
20000,4,-1,0,8218
20000,4,-0.5,0,7742
20000,4,0,0,10122
20000,4,0.2,0,10598
20000,4,0.5,0,11074
20000,4.5,-2.5,0,9647
20000,4.5,-2,0,9171
20000,4.5,-1.5,0,8695
20000,4.5,-1,0,8219
20000,4.5,-0.5,0,7743
20000,4.5,0,0,10123
20000,4.5,0.2,0,10599
20000,4.5,0.5,0,11075
20000,5,-2.5,0,9648
20000,5,-2,0,9172
20000,5,-1.5,0,8696
20000,5,-1,0,8220
20000,5,-0.5,0,7744
20000,5,0,0,10124
20000,5,0.2,0,10600
20000,5,0.5,0,11076
21000,3,-2.5,0,9649
21000,3,-2,0,9173
21000,3,-1.5,0,8697
21000,3,-1,0,8221
21000,3,-0.5,0,7745
21000,3,0,0,10125
21000,3,0.2,0,10601
21000,3,0.5,0,11077
21000,3.5,-2.5,0,9650
21000,3.5,-2,0,9174
21000,3.5,-1.5,0,8698
21000,3.5,-1,0,8222
21000,3.5,-0.5,0,7746
21000,3.5,0,0,10126
21000,3.5,0.2,0,10602
21000,3.5,0.5,0,11078
21000,4,-2.5,0,9651
21000,4,-2,0,9175
21000,4,-1.5,0,8699
21000,4,-1,0,8223
21000,4,-0.5,0,7747
21000,4,0,0,10127
21000,4,0.2,0,10603
21000,4,0.5,0,11079
21000,4.5,-2.5,0,9652
21000,4.5,-2,0,9176
21000,4.5,-1.5,0,8700
21000,4.5,-1,0,8224
21000,4.5,-0.5,0,7748
21000,4.5,0,0,10128
21000,4.5,0.2,0,10604
21000,4.5,0.5,0,11080
21000,5,-2.5,0,9653
21000,5,-2,0,9177
21000,5,-1.5,0,8701
21000,5,-1,0,8225
21000,5,-0.5,0,7749
21000,5,0,0,10129
21000,5,0.2,0,10605
21000,5,0.5,0,11081
22000,3,-2.5,0,9654
22000,3,-2,0,9178
22000,3,-1.5,0,8702
22000,3,-1,0,8226
22000,3,-0.5,0,7750
22000,3,0,0,10130
22000,3,0.2,0,10606
22000,3,0.5,0,11082
22000,3.5,-2.5,0,9655
22000,3.5,-2,0,9179
22000,3.5,-1.5,0,8703
22000,3.5,-1,0,8227
22000,3.5,-0.5,0,7751
22000,3.5,0,0,10131
22000,3.5,0.2,0,10607
22000,3.5,0.5,0,11083
22000,4,-2.5,0,9656
22000,4,-2,0,9180
22000,4,-1.5,0,8704
22000,4,-1,0,8228
22000,4,-0.5,0,7752
22000,4,0,0,10132
22000,4,0.2,0,10608
22000,4,0.5,0,11084
22000,4.5,-2.5,0,9657
22000,4.5,-2,0,9181
22000,4.5,-1.5,0,8705
22000,4.5,-1,0,8229
22000,4.5,-0.5,0,7753
22000,4.5,0,0,10133
22000,4.5,0.2,0,10609
22000,4.5,0.5,0,11085
22000,5,-2.5,0,9658
22000,5,-2,0,9182
22000,5,-1.5,0,8706
22000,5,-1,0,8230
22000,5,-0.5,0,7754
22000,5,0,0,10134
22000,5,0.2,0,10610
22000,5,0.5,0,11086
23000,3,-2.5,0,9659
23000,3,-2,0,9183
23000,3,-1.5,0,8707
23000,3,-1,0,8231
23000,3,-0.5,0,7755
23000,3,0,0,10135
23000,3,0.2,0,10611
23000,3,0.5,0,11087
23000,3.5,-2.5,0,9660
23000,3.5,-2,0,9184
23000,3.5,-1.5,0,8708
23000,3.5,-1,0,8232
23000,3.5,-0.5,0,7756
23000,3.5,0,0,10136
23000,3.5,0.2,0,10612
23000,3.5,0.5,0,11088
23000,4,-2.5,0,9661
23000,4,-2,0,9185
23000,4,-1.5,0,8709
23000,4,-1,0,8233
23000,4,-0.5,0,7757
23000,4,0,0,10137
23000,4,0.2,0,10613
23000,4,0.5,0,11089
23000,4.5,-2.5,0,9662
23000,4.5,-2,0,9186
23000,4.5,-1.5,0,8710
23000,4.5,-1,0,8234
23000,4.5,-0.5,0,7758
23000,4.5,0,0,10138
23000,4.5,0.2,0,10614
23000,4.5,0.5,0,11090
23000,5,-2.5,0,9663
23000,5,-2,0,9187
23000,5,-1.5,0,8711
23000,5,-1,0,8235
23000,5,-0.5,0,7759
23000,5,0,0,10139
23000,5,0.2,0,10615
23000,5,0.5,0,11091
24000,3,-2.5,0,9664
24000,3,-2,0,9188
24000,3,-1.5,0,8712
24000,3,-1,0,8236
24000,3,-0.5,0,7760
24000,3,0,0,10140
24000,3,0.2,0,10616
24000,3,0.5,0,11092
24000,3.5,-2.5,0,9665
24000,3.5,-2,0,9189
24000,3.5,-1.5,0,8713
24000,3.5,-1,0,8237
24000,3.5,-0.5,0,7761
24000,3.5,0,0,10141
24000,3.5,0.2,0,10617
24000,3.5,0.5,0,11093
24000,4,-2.5,0,9666
24000,4,-2,0,9190
24000,4,-1.5,0,8714
24000,4,-1,0,8238
24000,4,-0.5,0,7762
24000,4,0,0,10142
24000,4,0.2,0,10618
24000,4,0.5,0,11094
24000,4.5,-2.5,0,9667
24000,4.5,-2,0,9191
24000,4.5,-1.5,0,8715
24000,4.5,-1,0,8239
24000,4.5,-0.5,0,7763
24000,4.5,0,0,10143
24000,4.5,0.2,0,10619
24000,4.5,0.5,0,11095
24000,5,-2.5,0,9668
24000,5,-2,0,9192
24000,5,-1.5,0,8716
24000,5,-1,0,8240
24000,5,-0.5,0,7764
24000,5,0,0,10144
24000,5,0.2,0,10620
24000,5,0.5,0,11096
25000,3,-2.5,0,9669
25000,3,-2,0,9193
25000,3,-1.5,0,8717
25000,3,-1,0,8241
25000,3,-0.5,0,7765
25000,3,0,0,10145
25000,3,0.2,0,10621
25000,3,0.5,0,11097
25000,3.5,-2.5,0,9670
25000,3.5,-2,0,9194
25000,3.5,-1.5,0,8718
25000,3.5,-1,0,8242
25000,3.5,-0.5,0,7766
25000,3.5,0,0,10146
25000,3.5,0.2,0,10622
25000,3.5,0.5,0,11098
25000,4,-2.5,0,9671
25000,4,-2,0,9195
25000,4,-1.5,0,8719
25000,4,-1,0,8243
25000,4,-0.5,0,7767
25000,4,0,0,10147
25000,4,0.2,0,10623
25000,4,0.5,0,11099
25000,4.5,-2.5,0,9672
25000,4.5,-2,0,9196
25000,4.5,-1.5,0,8720
25000,4.5,-1,0,8244
25000,4.5,-0.5,0,7768
25000,4.5,0,0,10148
25000,4.5,0.2,0,10624
25000,4.5,0.5,0,11100
25000,5,-2.5,0,9673
25000,5,-2,0,9197
25000,5,-1.5,0,8721
25000,5,-1,0,8245
25000,5,-0.5,0,7769
25000,5,0,0,10149
25000,5,0.2,0,10625
25000,5,0.5,0,11101
26000,3,-2.5,0,9674
26000,3,-2,0,9198
26000,3,-1.5,0,8722
26000,3,-1,0,8246
26000,3,-0.5,0,7770
26000,3,0,0,10150
26000,3,0.2,0,10626
26000,3,0.5,0,11102
26000,3.5,-2.5,0,9675
26000,3.5,-2,0,9199
26000,3.5,-1.5,0,8723
26000,3.5,-1,0,8247
26000,3.5,-0.5,0,7771
26000,3.5,0,0,10151
26000,3.5,0.2,0,10627
26000,3.5,0.5,0,11103
26000,4,-2.5,0,9676
26000,4,-2,0,9200
26000,4,-1.5,0,8724
26000,4,-1,0,8248
26000,4,-0.5,0,7772
26000,4,0,0,10152
26000,4,0.2,0,10628
26000,4,0.5,0,11104
26000,4.5,-2.5,0,9677
26000,4.5,-2,0,9201
26000,4.5,-1.5,0,8725
26000,4.5,-1,0,8249
26000,4.5,-0.5,0,7773
26000,4.5,0,0,10153
26000,4.5,0.2,0,10629
26000,4.5,0.5,0,11105
26000,5,-2.5,0,9678
26000,5,-2,0,9202
26000,5,-1.5,0,8726
26000,5,-1,0,8250
26000,5,-0.5,0,7774
26000,5,0,0,10154
26000,5,0.2,0,10630
26000,5,0.5,0,11106
27000,3.5,-2.5,0,9679
27000,3.5,-2,0,9203
27000,3.5,-1.5,0,8727
27000,3.5,-1,0,8251
27000,3.5,-0.5,0,7775
27000,3.5,0,0,10155
27000,3.5,0.2,0,10631
27000,3.5,0.5,0,11107
27000,4,-2.5,0,9680
27000,4,-2,0,9204
27000,4,-1.5,0,8728
27000,4,-1,0,8252
27000,4,-0.5,0,7776
27000,4,0,0,10156
27000,4,0.2,0,10632
27000,4,0.5,0,11108
27000,4.5,-2.5,0,9681
27000,4.5,-2,0,9205
27000,4.5,-1.5,0,8729
27000,4.5,-1,0,8253
27000,4.5,-0.5,0,7777
27000,4.5,0,0,10157
27000,4.5,0.2,0,10633
27000,4.5,0.5,0,11109
27000,5,-2.5,0,9682
27000,5,-2,0,9206
27000,5,-1.5,0,8730
27000,5,-1,0,8254
27000,5,-0.5,0,7778
27000,5,0,0,10158
27000,5,0.2,0,10634
27000,5,0.5,0,11110
28000,3.5,-2.5,0,9683
28000,3.5,-2,0,9207
28000,3.5,-1.5,0,8731
28000,3.5,-1,0,8255
28000,3.5,-0.5,0,7779
28000,3.5,0,0,10159
28000,3.5,0.2,0,10635
28000,3.5,0.5,0,11111
28000,4,-2.5,0,9684
28000,4,-2,0,9208
28000,4,-1.5,0,8732
28000,4,-1,0,8256
28000,4,-0.5,0,7780
28000,4,0,0,10160
28000,4,0.2,0,10636
28000,4,0.5,0,11112
28000,4.5,-2.5,0,9685
28000,4.5,-2,0,9209
28000,4.5,-1.5,0,8733
28000,4.5,-1,0,8257
28000,4.5,-0.5,0,7781
28000,4.5,0,0,10161
28000,4.5,0.2,0,10637
28000,4.5,0.5,0,11113
28000,5,-2.5,0,9686
28000,5,-2,0,9210
28000,5,-1.5,0,8734
28000,5,-1,0,8258
28000,5,-0.5,0,7782
28000,5,0,0,10162
28000,5,0.2,0,10638
28000,5,0.5,0,11114
29000,3.5,-2.5,0,9687
29000,3.5,-2,0,9211
29000,3.5,-1.5,0,8735
29000,3.5,-1,0,8259
29000,3.5,-0.5,0,7783
29000,3.5,0,0,10163
29000,3.5,0.2,0,10639
29000,3.5,0.5,0,11115
29000,4,-2.5,0,9688
29000,4,-2,0,9212
29000,4,-1.5,0,8736
29000,4,-1,0,8260
29000,4,-0.5,0,7784
29000,4,0,0,10164
29000,4,0.2,0,10640
29000,4,0.5,0,11116
29000,4.5,-2.5,0,9689
29000,4.5,-2,0,9213
29000,4.5,-1.5,0,8737
29000,4.5,-1,0,8261
29000,4.5,-0.5,0,7785
29000,4.5,0,0,10165
29000,4.5,0.2,0,10641
29000,4.5,0.5,0,11117
29000,5,-2.5,0,9690
29000,5,-2,0,9214
29000,5,-1.5,0,8738
29000,5,-1,0,8262
29000,5,-0.5,0,7786
29000,5,0,0,10166
29000,5,0.2,0,10642
29000,5,0.5,0,11118
30000,3.5,-2.5,0,9691
30000,3.5,-2,0,9215
30000,3.5,-1.5,0,8739
30000,3.5,-1,0,8263
30000,3.5,-0.5,0,7787
30000,3.5,0,0,10167
30000,3.5,0.2,0,10643
30000,3.5,0.5,0,11119
30000,4,-2.5,0,9692
30000,4,-2,0,9216
30000,4,-1.5,0,8740
30000,4,-1,0,8264
30000,4,-0.5,0,7788
30000,4,0,0,10168
30000,4,0.2,0,10644
30000,4,0.5,0,11120
30000,4.5,-2.5,0,9693
30000,4.5,-2,0,9217
30000,4.5,-1.5,0,8741
30000,4.5,-1,0,8265
30000,4.5,-0.5,0,7789
30000,4.5,0,0,10169
30000,4.5,0.2,0,10645
30000,4.5,0.5,0,11121
30000,5,-2.5,0,9694
30000,5,-2,0,9218
30000,5,-1.5,0,8742
30000,5,-1,0,8266
30000,5,-0.5,0,7790
30000,5,0,0,10170
30000,5,0.2,0,10646
30000,5,0.5,0,11122
31000,3.5,-2.5,0,9695
31000,3.5,-2,0,9219
31000,3.5,-1.5,0,8743
31000,3.5,-1,0,8267
31000,3.5,-0.5,0,7791
31000,3.5,0,0,10171
31000,3.5,0.2,0,10647
31000,3.5,0.5,0,11123
31000,4,-2.5,0,9696
31000,4,-2,0,9220
31000,4,-1.5,0,8744
31000,4,-1,0,8268
31000,4,-0.5,0,7792
31000,4,0,0,10172
31000,4,0.2,0,10648
31000,4,0.5,0,11124
31000,4.5,-2.5,0,9697
31000,4.5,-2,0,9221
31000,4.5,-1.5,0,8745
31000,4.5,-1,0,8269
31000,4.5,-0.5,0,7793
31000,4.5,0,0,10173
31000,4.5,0.2,0,10649
31000,4.5,0.5,0,11125
31000,5,-2.5,0,9698
31000,5,-2,0,9222
31000,5,-1.5,0,8746
31000,5,-1,0,8270
31000,5,-0.5,0,7794
31000,5,0,0,10174
31000,5,0.2,0,10650
31000,5,0.5,0,11126
32000,4,-2.5,0,9699
32000,4,-2,0,9223
32000,4,-1.5,0,8747
32000,4,-1,0,8271
32000,4,-0.5,0,7795
32000,4,0,0,10175
32000,4,0.2,0,10651
32000,4,0.5,0,11127
32000,4.5,-2.5,0,9700
32000,4.5,-2,0,9224
32000,4.5,-1.5,0,8748
32000,4.5,-1,0,8272
32000,4.5,-0.5,0,7796
32000,4.5,0,0,10176
32000,4.5,0.2,0,10652
32000,4.5,0.5,0,11128
32000,5,-2.5,0,9701
32000,5,-2,0,9225
32000,5,-1.5,0,8749
32000,5,-1,0,8273
32000,5,-0.5,0,7797
32000,5,0,0,10177
32000,5,0.2,0,10653
32000,5,0.5,0,11129
33000,4,-2.5,0,9702
33000,4,-2,0,9226
33000,4,-1.5,0,8750
33000,4,-1,0,8274
33000,4,-0.5,0,7798
33000,4,0,0,10178
33000,4,0.2,0,10654
33000,4,0.5,0,11130
33000,4.5,-2.5,0,9703
33000,4.5,-2,0,9227
33000,4.5,-1.5,0,8751
33000,4.5,-1,0,8275
33000,4.5,-0.5,0,7799
33000,4.5,0,0,10179
33000,4.5,0.2,0,10655
33000,4.5,0.5,0,11131
33000,5,-2.5,0,9704
33000,5,-2,0,9228
33000,5,-1.5,0,8752
33000,5,-1,0,8276
33000,5,-0.5,0,7800
33000,5,0,0,10180
33000,5,0.2,0,10656
33000,5,0.5,0,11132
34000,4,-2.5,0,9705
34000,4,-2,0,9229
34000,4,-1.5,0,8753
34000,4,-1,0,8277
34000,4,-0.5,0,7801
34000,4,0,0,10181
34000,4,0.2,0,10657
34000,4,0.5,0,11133
34000,4.5,-2.5,0,9706
34000,4.5,-2,0,9230
34000,4.5,-1.5,0,8754
34000,4.5,-1,0,8278
34000,4.5,-0.5,0,7802
34000,4.5,0,0,10182
34000,4.5,0.2,0,10658
34000,4.5,0.5,0,11134
34000,5,-2.5,0,9707
34000,5,-2,0,9231
34000,5,-1.5,0,8755
34000,5,-1,0,8279
34000,5,-0.5,0,7803
34000,5,0,0,10183
34000,5,0.2,0,10659
34000,5,0.5,0,11135
35000,4,-2.5,0,9708
35000,4,-2,0,9232
35000,4,-1.5,0,8756
35000,4,-1,0,8280
35000,4,-0.5,0,7804
35000,4,0,0,10184
35000,4,0.2,0,10660
35000,4,0.5,0,11136
35000,4.5,-2.5,0,9709
35000,4.5,-2,0,9233
35000,4.5,-1.5,0,8757
35000,4.5,-1,0,8281
35000,4.5,-0.5,0,7805
35000,4.5,0,0,10185
35000,4.5,0.2,0,10661
35000,4.5,0.5,0,11137
35000,5,-2.5,0,9710
35000,5,-2,0,9234
35000,5,-1.5,0,8758
35000,5,-1,0,8282
35000,5,-0.5,0,7806
35000,5,0,0,10186
35000,5,0.2,0,10662
35000,5,0.5,0,11138
36000,4,-2.5,0,9722
36000,4,-2,0,9246
36000,4,-1.5,0,8770
36000,4,-1,0,8294
36000,4,-0.5,0,7818
36000,4,0,0,10198
36000,4,0.2,0,10674
36000,4,0.5,0,11150
36000,4.5,-2.5,0,9723
36000,4.5,-2,0,9247
36000,4.5,-1.5,0,8771
36000,4.5,-1,0,8295
36000,4.5,-0.5,0,7819
36000,4.5,0,0,10199
36000,4.5,0.2,0,10675
36000,4.5,0.5,0,11151
36000,5,-2.5,0,9724
36000,5,-2,0,9248
36000,5,-1.5,0,8772
36000,5,-1,0,8296
36000,5,-0.5,0,7820
36000,5,0,0,10200
36000,5,0.2,0,10676
36000,5,0.5,0,11152
37000,4,-2.5,0,9725
37000,4,-2,0,9249
37000,4,-1.5,0,8773
37000,4,-1,0,8297
37000,4,-0.5,0,7821
37000,4,0,0,10201
37000,4,0.2,0,10677
37000,4,0.5,0,11153
37000,4.5,-2.5,0,9726
37000,4.5,-2,0,9250
37000,4.5,-1.5,0,8774
37000,4.5,-1,0,8298
37000,4.5,-0.5,0,7822
37000,4.5,0,0,10202
37000,4.5,0.2,0,10678
37000,4.5,0.5,0,11154
37000,5,-2.5,0,9727
37000,5,-2,0,9251
37000,5,-1.5,0,8775
37000,5,-1,0,8299
37000,5,-0.5,0,7823
37000,5,0,0,10203
37000,5,0.2,0,10679
37000,5,0.5,0,11155
38000,4,-2.5,0,9739
38000,4,-2,0,9263
38000,4,-1.5,0,8787
38000,4,-1,0,8311
38000,4,-0.5,0,7835
38000,4,0,0,10215
38000,4,0.2,0,10691
38000,4,0.5,0,11167
38000,4.5,-2.5,0,9740
38000,4.5,-2,0,9264
38000,4.5,-1.5,0,8788
38000,4.5,-1,0,8312
38000,4.5,-0.5,0,7836
38000,4.5,0,0,10216
38000,4.5,0.2,0,10692
38000,4.5,0.5,0,11168
38000,5,-2.5,0,9741
38000,5,-2,0,9265
38000,5,-1.5,0,8789
38000,5,-1,0,8313
38000,5,-0.5,0,7837
38000,5,0,0,10217
38000,5,0.2,0,10693
38000,5,0.5,0,11169
39000,4,-2.5,0,9742
39000,4,-2,0,9266
39000,4,-1.5,0,8790
39000,4,-1,0,8314
39000,4,-0.5,0,7838
39000,4,0,0,10218
39000,4,0.2,0,10694
39000,4,0.5,0,11170
39000,4.5,-2.5,0,9743
39000,4.5,-2,0,9267
39000,4.5,-1.5,0,8791
39000,4.5,-1,0,8315
39000,4.5,-0.5,0,7839
39000,4.5,0,0,10219
39000,4.5,0.2,0,10695
39000,4.5,0.5,0,11171
39000,5,-2.5,0,9744
39000,5,-2,0,9268
39000,5,-1.5,0,8792
39000,5,-1,0,8316
39000,5,-0.5,0,7840
39000,5,0,0,10220
39000,5,0.2,0,10696
39000,5,0.5,0,11172
40000,4.5,-2.5,0,9745
40000,4.5,-2,0,9269
40000,4.5,-1.5,0,8793
40000,4.5,-1,0,8317
40000,4.5,-0.5,0,7841
40000,4.5,0,0,10221
40000,4.5,0.2,0,10697
40000,4.5,0.5,0,11173
40000,5,-2.5,0,9746
40000,5,-2,0,9270
40000,5,-1.5,0,8794
40000,5,-1,0,8318
40000,5,-0.5,0,7842
40000,5,0,0,10222
40000,5,0.2,0,10698
40000,5,0.5,0,11174
41000,4.5,-2.5,0,9758
41000,4.5,-2,0,9282
41000,4.5,-1.5,0,8806
41000,4.5,-1,0,8330
41000,4.5,-0.5,0,7854
41000,4.5,0,0,10234
41000,4.5,0.2,0,10710
41000,4.5,0.5,0,11186
41000,5,-2.5,0,9759
41000,5,-2,0,9283
41000,5,-1.5,0,8807
41000,5,-1,0,8331
41000,5,-0.5,0,7855
41000,5,0,0,10235
41000,5,0.2,0,10711
41000,5,0.5,0,11187
42000,4.5,-2.5,0,9760
42000,4.5,-2,0,9284
42000,4.5,-1.5,0,8808
42000,4.5,-1,0,8332
42000,4.5,-0.5,0,7856
42000,4.5,0,0,10236
42000,4.5,0.2,0,10712
42000,4.5,0.5,0,11188
42000,5,-2.5,0,9761
42000,5,-2,0,9285
42000,5,-1.5,0,8809
42000,5,-1,0,8333
42000,5,-0.5,0,7857
42000,5,0,0,10237
42000,5,0.2,0,10713
42000,5,0.5,0,11189
43000,4.5,-2.5,0,9773
43000,4.5,-2,0,9297
43000,4.5,-1.5,0,8821
43000,4.5,-1,0,8345
43000,4.5,-0.5,0,7869
43000,4.5,0,0,10249
43000,4.5,0.2,0,10725
43000,4.5,0.5,0,11201
43000,5,-2.5,0,9774
43000,5,-2,0,9298
43000,5,-1.5,0,8822
43000,5,-1,0,8346
43000,5,-0.5,0,7870
43000,5,0,0,10250
43000,5,0.2,0,10726
43000,5,0.5,0,11202
44000,4.5,-2.5,0,9775
44000,4.5,-2,0,9299
44000,4.5,-1.5,0,8823
44000,4.5,-1,0,8347
44000,4.5,-0.5,0,7871
44000,4.5,0,0,10251
44000,4.5,0.2,0,10727
44000,4.5,0.5,0,11203
44000,5,-2.5,0,9776
44000,5,-2,0,9300
44000,5,-1.5,0,8824
44000,5,-1,0,8348
44000,5,-0.5,0,7872
44000,5,0,0,10252
44000,5,0.2,0,10728
44000,5,0.5,0,11204
45000,4.5,-2.5,0,9777
45000,4.5,-2,0,9301
45000,4.5,-1.5,0,8825
45000,4.5,-1,0,8349
45000,4.5,-0.5,0,7873
45000,4.5,0,0,10253
45000,4.5,0.2,0,10729
45000,4.5,0.5,0,11205
45000,5,-2.5,0,9778
45000,5,-2,0,9302
45000,5,-1.5,0,8826
45000,5,-1,0,8350
45000,5,-0.5,0,7874
45000,5,0,0,10254
45000,5,0.2,0,10730
45000,5,0.5,0,11206
46000,4.5,-2.5,0,9790
46000,4.5,-2,0,9314
46000,4.5,-1.5,0,8838
46000,4.5,-1,0,8362
46000,4.5,-0.5,0,7886
46000,4.5,0,0,10266
46000,4.5,0.2,0,10742
46000,4.5,0.5,0,11218
46000,5,-2.5,0,9791
46000,5,-2,0,9315
46000,5,-1.5,0,8839
46000,5,-1,0,8363
46000,5,-0.5,0,7887
46000,5,0,0,10267
46000,5,0.2,0,10743
46000,5,0.5,0,11219
47000,4.5,-2.5,0,9792
47000,4.5,-2,0,9316
47000,4.5,-1.5,0,8840
47000,4.5,-1,0,8364
47000,4.5,-0.5,0,7888
47000,4.5,0,0,10268
47000,4.5,0.2,0,10744
47000,4.5,0.5,0,11220
47000,5,-2.5,0,9793
47000,5,-2,0,9317
47000,5,-1.5,0,8841
47000,5,-1,0,8365
47000,5,-0.5,0,7889
47000,5,0,0,10269
47000,5,0.2,0,10745
47000,5,0.5,0,11221
48000,4.5,-2.5,0,9805
48000,4.5,-2,0,9329
48000,4.5,-1.5,0,8853
48000,4.5,-1,0,8377
48000,4.5,-0.5,0,7901
48000,4.5,0,0,10281
48000,4.5,0.2,0,10757
48000,4.5,0.5,0,11233
48000,5,-2.5,0,9806
48000,5,-2,0,9330
48000,5,-1.5,0,8854
48000,5,-1,0,8378
48000,5,-0.5,0,7902
48000,5,0,0,10282
48000,5,0.2,0,10758
48000,5,0.5,0,11234
49000,4.5,-2.5,0,9807
49000,4.5,-2,0,9331
49000,4.5,-1.5,0,8855
49000,4.5,-1,0,8379
49000,4.5,-0.5,0,7903
49000,4.5,0,0,10283
49000,4.5,0.2,0,10759
49000,4.5,0.5,0,11235
49000,5,-2.5,0,9808
49000,5,-2,0,9332
49000,5,-1.5,0,8856
49000,5,-1,0,8380
49000,5,-0.5,0,7904
49000,5,0,0,10284
49000,5,0.2,0,10760
49000,5,0.5,0,11236
50000,5,-2.5,0,9809
50000,5,-2,0,9333
50000,5,-1.5,0,8857
50000,5,-1,0,8381
50000,5,-0.5,0,7905
50000,5,0,0,10285
50000,5,0.2,0,10761
50000,5,0.5,0,11237
